ccid,name,sex,age,channel_id,mobile,province,city,id
CU17021615428079,岑小姐,女,46,100000009,18993657412,广东省,密云区,51342819880926121X
CU17019532649780,窦小姐,女,51,100000006,15252947631,陕西省,双辽市,330482199310021482
CU17012967028354,赵先生,男,54,100000003,15348231097,上海市,铁岭市,210701195010162799
CU17016613094875,谢先生,男,39,100000000,13225981073,河北省,阳高县,140823193407261775
CU17020138907426,吴小姐,女,51,100000000,17103945618,黑龙江省,潞城市,53042219341015287X
CU17014471092835,柳女士,女,59,100000002,17552397168,西藏自治区,南票区,340811198508292022
CU17025537849021,马女士,女,56,100000008,18072685041,北京市,晋源区,330206200602221842
CU17014130257496,喻女士,女,60,100000008,18974502196,宁夏回族自治区,怀来县,52272719471025157X
CU17013092345176,堪女士,女,27,100000004,18872518093,广西壮族自治区,延庆区,54252219521001151X
CU17019936758214,孟女士,女,35,100000009,15865291347,安徽省,建昌县,222404195907221809
CU17027967421058,毕小姐,女,28,100000000,13282013674,宁夏回族自治区,鄂托克前旗,230203197601241169
CU17016215473690,米先生,男,28,100000002,15268013479,黑龙江省,城区,140303194312112825
CU17026836297105,雷小姐,女,42,100000001,13701498325,江西省,泽州县,440701196311152126
CU17026984130527,魏女士,女,56,100000006,18917295346,河南省,振安区,640303194403111553
CU17027615029347,计先生,男,21,100000003,18090863175,吉林省,铁西区,652922194507211573
CU17018731508294,廉女士,女,47,100000006,13989574301,澳门特别行政区,沁县,610112198502221713
CU17016410562739,窦先生,男,24,100000006,15052786139,澳门特别行政区,元氏县,53082219350821221X
CU17013548219073,水先生,男,36,100000006,18275143260,四川省,洮南市,141021198110311355
CU17017462850719,余小姐,女,31,100000007,15136870529,云南省,大同区,53011119451202128X
CU17011186723950,宋女士,女,21,100000002,18759163720,天津市,吉林市,210111194106252829
CU17016932105764,黄先生,男,32,100000003,13243987520,青海省,邯郸市,130425193405222515
CU17013190725346,秦小姐,女,21,100000005,18706248719,重庆市,康平县,140902193304281545
CU17023078451639,项小姐,女,57,100000003,14719846537,西藏自治区,西安区,421127198607052696
CU17021934621078,彭先生,男,31,100000000,15260374298,甘肃省,东胜区,450108201010262996
CU17028249371860,明小姐,女,56,100000009,15840732516,湖南省,滴道区,50024319940418200X
CU17022928714603,柏先生,男,56,100000008,13186412503,山西省,盘山县,53060219580616166X
CU17026536927841,马女士,女,32,100000001,15383590642,安徽省,元宝山区,140303200910161095
CU17024814607592,齐先生,男,23,100000005,15081720649,西藏自治区,临汾市,451423195406291396
CU17023031842976,褚先生,男,46,100000005,17536017258,河南省,东昌区,630122193906161183
CU17011657821490,张小姐,女,39,100000001,18796370185,山东省,大同区,130733195209232075
CU17023539748106,施女士,女,56,100000001,18070384621,湖北省,铁力市,441323196003161666
CU17019236140587,康女士,女,43,100000009,17150263197,浙江省,门头沟区,411701195102052226
CU17028497035816,舒小姐,女,36,100000002,17996754302,河南省,乡宁县,230406199911011709
CU17024837096251,水先生,男,23,100000005,13765938247,江苏省,东港市,469022194302162936
CU17027159730426,舒先生,男,29,100000005,18414762539,北京市,恒山区,52262719960529124X
CU17023730129846,窦先生,男,45,100000006,17570841532,北京市,杏花岭区,620621196709142263
CU17026781425390,潘小姐,女,41,100000005,17895083427,辽宁省,石家庄市,120225195508092375
CU17015847539120,明女士,女,57,100000009,14758472130,湖南省,浑江区,621025201011121853
CU17025672903854,何女士,女,36,100000005,15330956714,甘肃省,鞍山市,321012196608151332
CU17026475806321,余小姐,女,54,100000004,13419628037,青海省,大东区,320481195901191532
CU17020659284031,汤先生,男,40,100000001,15610687359,山东省,饶河县,370203193707081222
CU17018105642937,于先生,男,50,100000007,15250698724,甘肃省,交城县,440304195412161426
CU17021627194830,茅女士,女,59,100000007,17454029613,湖南省,蛟河市,350481197703262372
CU17017396710482,平小姐,女,52,100000009,15575921638,上海市,介休市,50023019750424207X
CU17028723905146,昌先生,男,58,100000008,18891326840,内蒙古自治区,矿区,52232220001101130X
CU17025914580672,罗女士,女,52,100000002,13596751238,江西省,阜新蒙古族自治县,50010919540625130X
CU17011465932018,谈先生,男,43,100000008,15784523091,湖北省,额尔古纳市,410928200104041036
CU17018093214568,成女士,女,42,100000004,15952487609,福建省,宁江区,450801194710152246
CU17017348172095,于小姐,女,54,100000009,18608431765,湖南省,保德县,150525197805062685
CU17024246108579,钱小姐,女,42,100000008,17506148953,安徽省,井陉县,341024200606071362
CU17014731825904,孔女士,女,21,100000006,18824798510,福建省,依安县,610402200801282853
CU17014428196537,水女士,女,41,100000009,18879814026,湖南省,集贤县,410928199109051576
CU17016690247351,项先生,男,59,100000007,18889407652,山西省,大厂回族自治县,51332220060608120X
CU17022637912584,和小姐,女,24,100000003,18793801426,新疆维吾尔自治区,呼兰区,150521194907271315
CU17024724106983,姚女士,女,53,100000000,15775382694,上海市,义县,51160119470104259X
CU17028497205316,张女士,女,29,100000007,13104681572,福建省,红桥区,330782195902142542
CU17013869342751,许先生,男,26,100000007,13538102476,江苏省,裕华区,152501193111232265
CU17027384795602,冯女士,女,40,100000000,18202394871,湖南省,新荣区,140123199510272225
CU17020749825061,金小姐,女,36,100000009,18325103649,重庆市,伊通满族自治县,621124199404022983
CU17021390418657,廉女士,女,36,100000005,18857906321,重庆市,克东县,140222200408302335
CU17012078923516,常先生,男,44,100000007,18887496215,青海省,西青区,51140119400805286X
CU17026829065417,倪先生,男,48,100000001,18649052137,山西省,忻府区,130401198105092595
CU17016973150482,伏小姐,女,27,100000005,17698217634,新疆维吾尔自治区,矿区,222403195210231769
CU17016904316782,施女士,女,44,100000009,17929613754,辽宁省,义县,54242920000209218X
CU17018538941062,殷女士,女,48,100000001,15283450296,海南省,威县,420921197309211606
CU17017713985024,沈先生,男,35,100000009,13005369418,江苏省,蓟州区,51332719470606163X
CU17012957820341,陈先生,男,22,100000009,13534820961,宁夏回族自治区,昌平区,460105201012191046
CU17021734859602,尹女士,女,29,100000001,17390213685,江西省,蛟河市,320114197902191652
CU17018536470281,萧先生,男,58,100000003,15357936420,云南省,蔚县,371083197403032762
CU17024804693157,邵先生,男,43,100000005,18624816390,青海省,集宁区,450327197807222446
CU17015906534718,祁小姐,女,20,100000008,13108591637,湖北省,九台区,420201194604232546
CU17028364097582,柏女士,女,31,100000008,15330298167,四川省,平乡县,610102200603221733
CU17024746108932,云小姐,女,54,100000001,14748605732,福建省,大同县,430204197910261946
CU17026842093675,孔小姐,女,36,100000006,17240918356,河北省,安新县,320401198411211392
CU17017410693285,董先生,男,44,100000005,17686512730,安徽省,固安县,640401195212122203
CU17020219754038,顾先生,男,24,100000003,18559734216,山东省,岫岩满族自治县,371329196604162102
CU17027956817240,姜小姐,女,22,100000005,17846213708,江西省,东丰县,131001201007282365
CU17019123568490,鲁小姐,女,42,100000006,17560491758,新疆维吾尔自治区,东丽区,330326193308051952
CU17012951364027,屈小姐,女,40,100000001,17812586709,内蒙古自治区,溪湖区,610302199401052703
CU17012501937426,俞先生,男,56,100000007,13553024986,广东省,南和县,411330194104051866
CU17026972186035,平先生,男,27,100000004,13205273186,甘肃省,内丘县,610725195102131933
CU17011630958147,熊先生,男,43,100000003,18591204375,浙江省,宁晋县,54233519620827144X
CU17019371048695,孔先生,男,21,100000005,13829175084,新疆维吾尔自治区,代县,52263620000412201X
CU17020097168325,喻女士,女,42,100000007,18836215708,香港特别行政区,盘锦市,421024193911111036
CU17014145876093,卫女士,女,34,100000006,15367238410,福建省,海勃湾区,210201196105211179
CU17011243915087,齐小姐,女,29,100000009,13948961702,北京市,岭东区,51342819500802259X
CU17022637905821,凤先生,男,28,100000003,15175942806,陕西省,武邑县,350926193909211622
CU17017859304612,金先生,男,25,100000003,17190637452,贵州省,红岗区,341101200403241132
CU17028368972510,平小姐,女,40,100000008,18117059432,香港特别行政区,北辰区,361027197708202322
CU17022649312708,尤先生,男,27,100000009,13926154378,广西壮族自治区,宁江区,54233619481220238X
CU17019798435261,范女士,女,33,100000000,18276893025,福建省,北京市,410927197007081396
CU17027475603892,乐先生,男,59,100000008,18408793426,江西省,和林格尔县,230622197804072819
CU17011610895743,沈先生,男,37,100000008,13258031472,上海市,克山县,130631197806232415
CU17011275961834,时小姐,女,57,100000005,17419468357,重庆市,望都县,370126193110251752
CU17020956107348,常先生,男,58,100000005,13754197623,澳门特别行政区,双桥区,52010119961229112X
CU17023487639021,施小姐,女,23,100000009,15905467832,浙江省,宽甸满族自治县,230705194507132929
CU17013813269405,严女士,女,42,100000007,15019678532,宁夏回族自治区,翼城县,632626197112312953
CU17028853471026,乐先生,男,47,100000007,13541723905,湖南省,枣强县,430781194902072506
CU17028591203786,何女士,女,35,100000006,15964701329,广西壮族自治区,瓦房店市,611002193105091033
CU17026139072485,毛小姐,女,30,100000005,18656832419,河南省,宾县,371728197901012872
CU17017475109263,齐先生,男,54,100000005,18121076354,湖南省,铁西区,52062319930618101X
CU17015190654278,柳小姐,女,28,100000007,14764923018,新疆维吾尔自治区,辉南县,620802199106222203
CU17017860759412,臧女士,女,50,100000004,13513724856,天津市,太谷县,54252320091010162X
CU17014596231704,李小姐,女,27,100000001,13871609238,福建省,龙凤区,450224197201112796
CU17016018546793,岑女士,女,48,100000008,15709436781,浙江省,晋源区,130724197608291415
CU17023783146025,赵女士,女,60,100000001,18776213954,西藏自治区,顺平县,421121196011091546
CU17023629810354,李小姐,女,41,100000001,15832684957,湖南省,宏伟区,411627199211252076
CU17016504682973,韦先生,男,20,100000006,15748269713,贵州省,稷山县,622926198502221473
CU17025146072938,齐先生,男,51,100000009,15303642785,浙江省,阳原县,330324200005102952
CU17028068743192,穆先生,男,48,100000005,18090135682,浙江省,弓长岭区,210403196609041799
CU17018521897430,常小姐,女,50,100000004,17542038197,贵州省,桃城区,210106199811301719
CU17026145029876,柳小姐,女,41,100000002,15996357028,台湾省,化德县,350582199307021492
CU17024584639127,乐先生,男,45,100000004,13880351492,海南省,方山县,53082319640719273X
CU17017412637089,葛先生,男,56,100000004,18207315469,河北省,平乡县,445302201109011206
CU17012381560297,谈先生,男,57,100000005,18418459063,重庆市,东胜区,360726199102052922
CU17021862543790,严小姐,女,44,100000004,18559721638,西藏自治区,兴县,350301197805242952
CU17013089576142,祁小姐,女,48,100000003,18884627053,河北省,四平市,52030219430115254X
CU17023591673408,黄先生,男,27,100000002,17727016958,山东省,鸡泽县,652822201111271253
CU17028216738950,茅小姐,女,58,100000007,18754791382,澳门特别行政区,铁西区,150782198311051615
CU17027483296170,葛女士,女,56,100000001,15779621053,天津市,集安市,370602194705191142
CU17022530918674,平女士,女,53,100000008,17989563174,台湾省,苏家屯区,610821194909092413
CU17017321978465,郎小姐,女,44,100000005,13864289571,河南省,本溪市,130302199701281435
CU17025851024396,魏小姐,女,23,100000003,18803458679,山东省,阿荣旗,410303193010161306
CU17022173864520,时女士,女,59,100000007,17712875304,台湾省,兴安区,610625197311192933
CU17025524398710,费小姐,女,22,100000000,15856104987,吉林省,秦皇岛市,51180319580508123X
CU17027915647208,和女士,女,30,100000000,17313974508,贵州省,沙河口区,360425193403101202
CU17014973514026,贝小姐,女,37,100000006,18308395426,福建省,巴林左旗,321182200211141342
CU17021751249063,钱先生,男,55,100000006,17202689751,香港特别行政区,达尔罕茂明安联合旗,422827199604222686
CU17020356470182,鲁女士,女,32,100000009,17346503978,江西省,昔阳县,231283200603181519
CU17016685437021,卫小姐,女,55,100000006,15746938725,广东省,丰南区,231281194208191779
CU17021056349812,廉女士,女,41,100000006,17536479825,香港特别行政区,大厂回族自治县,360825194206152762
CU17015281503647,薛女士,女,58,100000007,18980451972,河北省,桥西区,220882200401121279
CU17026603571492,严女士,女,33,100000008,15761935784,天津市,辽阳市,51060319670329298X
CU17016974168503,尹女士,女,29,100000001,15939574216,广东省,浑源县,430822197901121436
CU17027581693407,孔小姐,女,25,100000005,15803769124,澳门特别行政区,克东县,230207199312262319
CU17024659370812,贝先生,男,41,100000007,18862350194,海南省,朝阳区,621126194307221133
CU17019943725081,郝小姐,女,39,100000006,18096341285,安徽省,陵川县,371081200405102552
CU17027342879105,萧女士,女,38,100000002,15014306957,上海市,阳原县,361126200608291302
CU17024719652308,孔女士,女,21,100000003,18370986423,黑龙江省,献县,620982200105201043
CU17013076518349,毕女士,女,20,100000007,18997380156,香港特别行政区,阜平县,610521195608072363
CU17026690352748,堪小姐,女,35,100000009,18740639125,山东省,新巴尔虎右旗,140301198501071465
CU17011310428756,梁先生,男,46,100000001,13073824195,宁夏回族自治区,崇礼区,331121201105211552
CU17026469753108,苗小姐,女,49,100000007,17820681934,天津市,阿拉善左旗,51152919320507172X
CU17028871340925,孙小姐,女,37,100000000,13851620437,新疆维吾尔自治区,昂昂溪区,610925196311271883
CU17022580967134,酆先生,男,48,100000004,13104573821,陕西省,尧都区,620111194401251033
CU17016580314629,费先生,男,53,100000005,13245203896,宁夏回族自治区,辽源市,231102201111082949
CU17025864953702,姚先生,男,44,100000006,18419687254,贵州省,沈河区,430524199712161866
CU17014875014296,钱小姐,女,22,100000009,15165273018,湖南省,衡水市,130601198106021085
CU17024728541603,魏小姐,女,53,100000004,18732709461,天津市,定襄县,654324195311221143
CU17012145326780,纪小姐,女,56,100000009,18034687910,黑龙江省,滦平县,430211196507212216
CU17018073168529,元小姐,女,52,100000008,13607543168,辽宁省,广灵县,220102198609041829
CU17022560372981,酆女士,女,56,100000007,17903827619,上海市,竞秀区,371001194805311142
CU17018930176524,钱先生,男,40,100000007,18208654271,福建省,冀州区,140781198912172955
CU17015895342076,郝先生,男,27,100000003,15341876259,广西壮族自治区,洮南市,420101199701102456
CU17024892506347,项小姐,女,24,100000000,15193208764,四川省,鹰手营子矿区,420505200601151116
CU17020230761954,孙先生,男,42,100000002,13406924713,湖南省,明山区,52042419700224211X
CU17014521697304,柏女士,女,35,100000005,15034185902,安徽省,桓仁满族自治县,654301198109272413
CU17013052634897,倪女士,女,43,100000008,15324839065,海南省,丰镇市,210711200903251249
CU17019749283150,喻小姐,女,33,100000008,15604219657,贵州省,交城县,230305194911201859
CU17015938142560,许先生,男,36,100000000,15508613542,天津市,成安县,410106199111211196
CU17012798356041,姚先生,男,35,100000005,15880531679,甘肃省,松山区,330702198711272812
CU17022748695201,伏小姐,女,39,100000004,15310895673,江苏省,宏伟区,320684195712231582
CU17017291654387,祁小姐,女,50,100000004,13426034718,四川省,乌马河区,440705195105032436
CU17012048196537,昌小姐,女,30,100000007,17276480532,台湾省,河北区,440204200106102836
CU17023894321576,费女士,女,20,100000002,18719046578,江苏省,宾县,210602200210261179
CU17015658749012,许小姐,女,59,100000007,18440231895,台湾省,沧州市,341503196910112662
CU17019493052817,范女士,女,50,100000002,18931582940,四川省,河津市,431229200610161436
CU17016851946720,张小姐,女,42,100000007,17783092615,西藏自治区,吕梁市,51010819700111106X
CU17015067358219,戴女士,女,53,100000003,17904167325,天津市,祁县,340303194511211542
CU17022057361289,水小姐,女,38,100000001,18276310524,山西省,朝阳县,220521198201272569
CU17020967310584,滕女士,女,44,100000006,18242613957,浙江省,林甸县,371522193307221192
CU17022375482016,滕女士,女,51,100000002,15213042586,云南省,交口县,150121193001051295
CU17024691427038,史小姐,女,21,100000002,18826704185,西藏自治区,右玉县,53052419400722106X
CU17028725918034,殷小姐,女,28,100000004,18836798501,新疆维吾尔自治区,岚县,371103193601092982
CU17012967540218,宋先生,男,20,100000009,13193568710,江苏省,辽中区,350801195803311432
CU17016346782519,臧先生,男,52,100000003,18919325046,山东省,岢岚县,361030194610122752
CU17011746931250,邹小姐,女,33,100000008,13521936085,湖北省,吴桥县,220301200205092879
CU17013635419028,萧小姐,女,46,100000001,15258713602,天津市,万柏林区,54243019730727280X
CU17025390816257,郎女士,女,30,100000003,18853207916,湖北省,扎赉特旗,220781198408032909
CU17014648512903,董小姐,女,58,100000008,15912853097,甘肃省,商都县,411521197404202976
CU17023917602345,齐女士,女,31,100000006,17613025467,陕西省,饶阳县,53092519720903207X
CU17017218649753,宋小姐,女,39,100000009,17306312598,甘肃省,呼和浩特市,150125201208251935
CU17026105429867,明女士,女,25,100000004,17835214896,福建省,临河区,370703198407241112
CU17019327150984,马女士,女,29,100000000,15127618904,山东省,阳城县,130101193412242935
CU17018468132097,窦女士,女,59,100000006,18479805263,香港特别行政区,宣化区,53062520080504115X
CU17021548026719,吴女士,女,52,100000001,14760471583,西藏自治区,新乐市,640205201012101843
CU17028532467801,舒女士,女,43,100000001,15028947031,青海省,唐县,441303193001141186
CU17014305167498,潘小姐,女,30,100000003,18693682154,重庆市,古塔区,632525193904131723
CU17019912046875,鲁先生,男,40,100000008,15696058712,河北省,东丽区,51152319620719143X
CU17024689510437,谈小姐,女,35,100000009,18823146059,甘肃省,大宁县,54222819960125122X
CU17028415079268,费女士,女,52,100000001,18996108234,湖北省,东乌珠穆沁旗,350824198111132332
CU17022108432576,孔小姐,女,24,100000000,18565432108,安徽省,友好区,341023198305032392
CU17022205671894,殷女士,女,22,100000003,15724568193,福建省,安平县,411024195007161366
CU17019064791523,萧先生,男,34,100000002,13758670943,广东省,郊区,361122193610241102
CU17013176384592,宋女士,女,45,100000004,13665342078,上海市,正镶白旗,360111200007013002
CU17024217836495,杨先生,男,59,100000000,13453210864,河北省,忻府区,130601200411242705
CU17018172596380,禹女士,女,38,100000005,18684793265,新疆维吾尔自治区,滦平县,420922197806182546
CU17028058374192,酆先生,男,60,100000003,18561438925,青海省,顺城区,330624198211092062
CU17021536971824,余先生,男,23,100000003,18463925081,陕西省,德惠市,51030319930623214X
CU17020635089714,钱先生,男,41,100000004,15965094812,浙江省,带岭区,150206200111281925
CU17019873016245,计先生,男,44,100000001,15896320475,甘肃省,东城区,441225193002162256
CU17019530987426,贺先生,男,29,100000002,13616759802,湖北省,铁西区,141126196502092455
CU17012316287049,卞先生,男,37,100000006,15027931405,浙江省,黄骅市,130922196908151035
CU17025960714382,茅女士,女,39,100000004,13005982341,台湾省,肃宁县,140723196407252125
CU17021078956123,滕小姐,女,56,100000005,18429580734,广西壮族自治区,玉泉区,360731197107211622
CU17027406389527,苏先生,男,37,100000003,15090327651,甘肃省,松山区,50010519640130172X
CU17020740521938,潘先生,男,47,100000002,13852431968,台湾省,庄河市,51050119690804126X
CU17020387149502,赵小姐,女,53,100000009,17927896351,广东省,苏尼特右旗,52040220120830166X
CU17026639578140,潘女士,女,47,100000008,18780569271,香港特别行政区,交城县,130406198007271305
CU17021302541687,薛女士,女,37,100000001,13613407925,重庆市,兴安区,361101196903302702
CU17026510629347,窦小姐,女,27,100000008,18830942768,吉林省,站前区,53062920060515290X
CU17026820963741,明小姐,女,33,100000001,17447169853,四川省,乌审旗,632622195408082983
CU17021207389145,茅先生,男,45,100000002,17290463278,四川省,库伦旗,130406195706031165
CU17025576341208,皮女士,女,58,100000001,15229345167,陕西省,喀喇沁左翼蒙古族自治县,640202197705012343
CU17018042378916,毕女士,女,46,100000005,13018639470,福建省,凌源市,130722193109161685
CU17021689147250,李先生,男,45,100000002,18658321674,上海市,津南区,150502193809252155
CU17019814623907,皮先生,男,52,100000001,18962905841,澳门特别行政区,松山区,653022195508171103
CU17027607591823,魏先生,男,30,100000005,17270138942,湖南省,扎赉诺尔区,420201199402111816
CU17023251037486,安先生,男,50,100000005,13512098346,天津市,桥西区,622901194803092183
CU17028781539402,穆小姐,女,55,100000002,18736975140,内蒙古自治区,商都县,441625197507152096
CU17022430526789,孙先生,男,59,100000008,14786297351,上海市,大石桥市,360735195802232292
CU17021825960471,奚小姐,女,42,100000004,18949736185,西藏自治区,新邱区,360781197905191032
CU17028974865021,穆女士,女,57,100000005,15219382075,河南省,新民市,51190119840627130X
CU17013271538946,张先生,男,24,100000002,17441723965,山东省,新青区,331125194507072262
CU17017920185674,马小姐,女,43,100000004,15707156289,贵州省,武川县,450422199107121096
CU17017975016284,纪女士,女,52,100000006,13382976451,山东省,建昌县,430503194908281716
CU17021741382605,郑小姐,女,49,100000003,15827638591,陕西省,细河区,220523197111042539
CU17026054731962,梁先生,男,39,100000006,18810784536,贵州省,开鲁县,610827194508241953
CU17024702549138,郝小姐,女,33,100000000,15852047389,台湾省,铁西区,150301200311041285
CU17028942851370,滕女士,女,51,100000005,17335286071,贵州省,友好区,410101193101182146
CU17011784630952,皮女士,女,38,100000001,18718340975,重庆市,平乡县,340223201202271362
CU17017015782963,薛女士,女,34,100000009,18956137408,河北省,固安县,53292719851222176X
CU17012471356098,奚小姐,女,55,100000003,15768750294,西藏自治区,和平区,52011119870310297X
CU17017518923607,章先生,男,38,100000003,17240563179,甘肃省,太平区,420582199110201226
CU17015158264097,倪女士,女,42,100000001,18015369027,广东省,涿鹿县,210282197612161889
CU17015098472613,喻女士,女,53,100000003,18925109386,澳门特别行政区,龙沙区,441624197705052256
CU17023305729186,常先生,男,44,100000003,13753614089,安徽省,建华区,371701194201231982
CU17018937468102,宋小姐,女,40,100000005,18168379105,青海省,舒兰市,320312194704082422
CU17021240956318,章小姐,女,54,100000007,17914359862,黑龙江省,铁东区,53062220080305169X
CU17022278456019,祁女士,女,54,100000003,18490754632,广西壮族自治区,兴城市,632724200411252063
CU17027503819476,鲁小姐,女,50,100000009,17192503684,湖南省,正蓝旗,150424194211101965
CU17023238769401,滕小姐,女,29,100000009,13180437169,福建省,金山屯区,360901200101181592
CU17012472516908,花先生,男,24,100000000,13074165928,江苏省,古塔区,610330194907012793
CU17022905167238,钱女士,女,31,100000003,15661745029,安徽省,青县,620981194511301443
CU17021508647193,祝女士,女,26,100000001,18095071628,贵州省,大厂回族自治县,350103195502062342
CU17014750623984,沈小姐,女,26,100000002,18953827491,浙江省,辉南县,130321200605092225
CU17023328604591,汤小姐,女,21,100000006,13580376194,新疆维吾尔自治区,大厂回族自治县,410108194009012226
CU17028735802419,蒋先生,男,40,100000001,15984915326,浙江省,东河区,141002195807082365
CU17028325918704,项女士,女,60,100000006,17218294736,内蒙古自治区,赤峰市,231123198412182999
CU17026703152689,周先生,男,40,100000003,15058071463,山西省,兴山区,141028200206102225
CU17019953012487,孙女士,女,44,100000007,18524971568,江苏省,新华区,350201196609271182
CU17016279038146,昌先生,男,28,100000009,17217809463,新疆维吾尔自治区,尧都区,51160319961115218X
CU17017937506482,苏女士,女,26,100000007,17416740329,内蒙古自治区,喀喇沁左翼蒙古族自治县,420116200803011456
CU17015619430785,周小姐,女,58,100000000,17589135764,广东省,沁源县,141123199107262995
CU17012031654297,酆小姐,女,53,100000006,13718205643,广东省,永吉县,51340119861201255X
CU17021482907316,成小姐,女,39,100000002,15889074351,香港特别行政区,磴口县,330621195908211162
CU17025187456230,雷小姐,女,31,100000004,17507813654,重庆市,翁牛特旗,52030219370611298X
CU17012275390641,凤小姐,女,24,100000005,13676540921,山西省,四子王旗,460107194001111236
CU17022379280614,薛先生,男,24,100000006,18281437952,辽宁省,武清区,652122199405192813
CU17019749562083,于女士,女,37,100000007,18958719026,湖北省,城子河区,53032420111221222X
CU17020159483602,尹女士,女,57,100000003,18597821053,山东省,北镇市,130601197312292535
CU17027310758249,祁小姐,女,54,100000003,17670492618,广东省,昌黎县,654025197102101113
CU17011620138749,黄女士,女,25,100000001,18437645129,海南省,大连市,320804194605051462
CU17026160285973,云小姐,女,54,100000009,15083914562,湖北省,丹东市,450981194408241236
CU17018152934867,喻先生,男,60,100000004,17592486051,上海市,盖州市,620104198809241273
CU17019345810967,滕小姐,女,30,100000009,13273824190,西藏自治区,古塔区,411081198504021706
CU17023946781032,沈女士,女,48,100000000,17323684107,黑龙江省,岚县,623023197804142793
CU17028042879563,华小姐,女,41,100000007,18516830974,甘肃省,迁西县,370285199210072692
CU17017251984706,周女士,女,22,100000007,18180462315,台湾省,方正县,350502200401232812
CU17022569702431,舒先生,男,30,100000001,18534568271,新疆维吾尔自治区,宁武县,130321194607031915
CU17027814503769,章女士,女,54,100000005,13160948251,吉林省,呼兰区,330681193204122042
CU17015154297360,汤先生,男,35,100000008,17209478612,甘肃省,安泽县,54262220000418258X
CU17021518493027,屈小姐,女,39,100000001,15795672140,内蒙古自治区,新荣区,220202198304152539
CU17014952106783,余女士,女,54,100000003,18085946023,内蒙古自治区,五寨县,150101196605072075
CU17014923486170,魏小姐,女,27,100000009,17552067381,山西省,龙沙区,370782199207162312
CU17023397462518,萧小姐,女,48,100000009,15768473150,香港特别行政区,西市区,430521197309282996
CU17027861735942,孔女士,女,32,100000005,18117253984,山西省,德惠市,50011219300406135X
CU17026735168249,纪女士,女,20,100000008,18753798120,广东省,正镶白旗,371723200303121142
CU17015481925063,平女士,女,32,100000009,18381765209,广东省,富拉尔基区,51322419771212229X
CU17024576923184,冯小姐,女,23,100000004,18883620917,甘肃省,道里区,330703200108311002
CU17018951843076,卞小姐,女,59,100000009,15285423106,上海市,桓仁满族自治县,130628193109111895
CU17017540873296,金先生,男,36,100000007,18385104792,上海市,盐山县,222405194904192089
CU17025401826539,史先生,男,39,100000008,15878061245,西藏自治区,涞水县,460106196511041176
CU17024581926347,熊小姐,女,34,100000003,18760357824,陕西省,涿州市,610928194611061863
CU17024894215370,蒋小姐,女,39,100000002,17290725813,甘肃省,右玉县,120103196204122095
CU17025982761503,曹小姐,女,46,100000004,15059106432,湖南省,五寨县,140524195205122815
CU17015685094371,狄小姐,女,22,100000008,18550246198,澳门特别行政区,广灵县,620981195912231213
CU17021896051432,俞小姐,女,26,100000008,13195346780,青海省,双塔区,371401194602141082
CU17016429506781,陶女士,女,30,100000005,13269705418,河北省,忻州市,230523198307282749
CU17013159670438,苏小姐,女,59,100000003,18120731954,天津市,嘉荫县,421121195808282386
CU17027156249780,和小姐,女,50,100000008,15619423850,广西壮族自治区,桦甸市,420607200504181946
CU17014450367829,陈女士,女,46,100000000,15881369045,贵州省,阜平县,230622194912102759
CU17023058142397,苏先生,男,58,100000001,15793251068,山西省,海拉尔区,410122200503061316
CU17017876195403,伏小姐,女,22,100000008,17153628491,辽宁省,深州市,350305193808062242
CU17027536401289,明小姐,女,56,100000006,17107659238,重庆市,太和区,360830199804291982
CU17026913025764,汪先生,男,41,100000006,13350621874,北京市,鹰手营子矿区,620502198410262893
CU17023851923074,杨先生,男,51,100000000,17286430975,湖南省,海南区,621201198004051693
CU17028512986047,康小姐,女,58,100000008,18705198264,福建省,孟村回族自治县,150726197601231905
CU17023724651308,褚小姐,女,51,100000003,18193278146,天津市,锦州市,50011719631215208X
CU17011719483025,成小姐,女,45,100000006,17523019587,吉林省,蠡县,52032719950201259X
CU17023637029148,何先生,男,20,100000009,18682703951,云南省,静海区,51182719890208215X
CU17023793158042,项先生,男,59,100000008,15875920361,新疆维吾尔自治区,长白朝鲜族自治县,361024195502161632
CU17011403278519,孙女士,女,28,100000004,18331785629,天津市,武邑县,211004198901291739
CU17021026538917,茅先生,男,54,100000004,17475601438,河北省,东乌珠穆沁旗,52262819680226292X
CU17020450273816,邵先生,男,32,100000008,18824390587,湖北省,安新县,130529199110162045
CU17022026415789,金女士,女,54,100000006,18287409216,海南省,岢岚县,341602196701051032
CU17011485316970,施小姐,女,46,100000006,13920756391,山东省,岭东区,370602194110292482
CU17025954183027,谢女士,女,37,100000001,14792378065,云南省,伊金霍洛旗,51070119350131274X
CU17025973618452,宋先生,男,25,100000009,15152397084,山西省,盖州市,341203199009092622
CU17012982756301,喻女士,女,49,100000005,13080456172,河南省,锡林郭勒盟,430321196112211386
CU17020739841526,殷小姐,女,52,100000005,18335714809,澳门特别行政区,沈河区,141124199307081265
CU17018945731682,曹小姐,女,24,100000005,18442719560,四川省,通辽市,411328196006262286
CU17021715290634,邵女士,女,32,100000003,15504835916,海南省,兴隆台区,371311193411211422
CU17022153642079,元小姐,女,27,100000007,18739710842,安徽省,甘井子区,54212519610411246X
CU17015392801645,金小姐,女,60,100000009,18631502987,江西省,偏关县,220101199712082389
CU17017175268093,范小姐,女,31,100000008,18552691704,台湾省,大石桥市,310230200010071572
CU17017319586470,罗小姐,女,21,100000005,17569845312,重庆市,吴桥县,150302198608111455
CU17020643170829,卞女士,女,35,100000004,15005726389,广西壮族自治区,长治市,211403194607041399
CU17016450238761,史先生,男,32,100000007,15329614308,广西壮族自治区,临汾市,51142419360728213X
CU17027896703524,唐先生,男,21,100000006,13053784619,黑龙江省,天津市,371622201206301352
CU17021872435601,戴小姐,女,27,100000002,17213804972,香港特别行政区,弓长岭区,140621195101161095
CU17018935210684,任先生,男,42,100000002,17745236701,青海省,馆陶县,140501197107171795
CU17025182607439,安先生,男,33,100000004,17524159067,湖南省,杭锦后旗,350601198304062722
CU17021701423895,谢小姐,女,58,100000002,14757809631,湖南省,鄂尔多斯市,321101196603282262
CU17013568109473,喻小姐,女,42,100000008,17743785610,西藏自治区,凌海市,53052120130724274X
CU17016713290465,方先生,男,23,100000005,18751423689,云南省,船营区,450325194706272966
CU17020426978510,戴女士,女,56,100000004,13382916053,上海市,伊春市,370686194607092112
CU17023701286439,倪先生,男,49,100000003,13290574218,上海市,忻府区,340823196004172732
CU17021904521368,臧小姐,女,35,100000003,15059702683,广西壮族自治区,彰武县,410503199001102616
CU17012906428157,施先生,男,55,100000004,15898571306,广东省,乌达区,620723194503242693
CU17024867213594,昌先生,男,33,100000007,13591463205,台湾省,锡林郭勒盟,141025199005282675
CU17020701293864,水先生,男,34,100000004,15083154702,江苏省,乌拉特后旗,610631200202052483
CU17015682491370,钱小姐,女,46,100000008,13398132705,甘肃省,喀喇沁左翼蒙古族自治县,51011419900202190X
CU17017831502697,史小姐,女,42,100000005,13471389405,浙江省,于洪区,371402200905062252
CU17020496035827,昌先生,男,37,100000007,18765290148,江西省,柏乡县,331003199502131862
CU17025514082963,陈先生,男,23,100000006,13291465278,山东省,苏家屯区,130521198710272105
CU17023926140857,邬女士,女,47,100000003,17646712980,湖北省,阿拉善右旗,222404196301031209
CU17018945302861,秦女士,女,51,100000006,17339802751,江苏省,莫力达瓦达斡尔族自治旗,341881199101051622
CU17026718564903,酆女士,女,26,100000007,17141628035,福建省,五原县,52272719581224113X
CU17023984051632,周小姐,女,32,100000001,13452349687,安徽省,四平市,350801196708031872
CU17013620538491,史先生,男,47,100000000,15915940836,澳门特别行政区,沁源县,310112199307061812
CU17026592478316,顾小姐,女,40,100000006,18719523074,甘肃省,东风区,51342219930714187X
CU17028679152038,滕先生,男,22,100000003,15507143269,湖南省,青龙满族自治县,140925193708271545
CU17019351698724,安先生,男,44,100000007,13385146370,云南省,苏尼特左旗,130322197301201195
CU17024793650148,臧女士,女,56,100000008,18108364925,西藏自治区,麻山区,211403193112041689
CU17016043152786,周小姐,女,41,100000000,15540295638,宁夏回族自治区,富拉尔基区,370301198011162742
CU17019629143058,陈先生,男,31,100000002,18786492710,云南省,冀州区,50024119351005157X
CU17012054389176,柏先生,男,51,100000006,18250428716,海南省,固阳县,440301193605242646
CU17022872651034,堪小姐,女,43,100000008,13573069254,湖南省,徐水区,460107194406151946
CU17028059861423,黄女士,女,42,100000008,13925309748,山西省,襄垣县,140423201309221475
CU17021768134095,葛先生,男,22,100000004,17381705246,云南省,通化市,321003196210222142
CU17027859476013,郎小姐,女,29,100000009,13165184790,宁夏回族自治区,北镇市,141181199211221225
CU17014790183562,陈先生,男,55,100000007,17232067948,宁夏回族自治区,南岗区,321281194701082542
CU17025649873152,邬先生,男,52,100000008,18903752814,甘肃省,大洼区,330424193905092892
CU17014317950628,曹先生,男,35,100000006,18430682975,山西省,阳高县,430203200612182356
CU17011195326804,马先生,男,31,100000003,15117845320,海南省,康巴什区,210381195105191179
CU17018436819275,米女士,女,51,100000007,15172610384,广西壮族自治区,旅顺口区,350403193308072902
CU17017165328940,鲁小姐,女,25,100000005,18641073869,山西省,桥东区,422826197409281296
CU17015762501389,梁小姐,女,41,100000003,18273654982,辽宁省,武川县,620503198103241573
CU17027573061248,祝女士,女,20,100000000,18045367089,湖南省,定襄县,53252319570113285X
CU17022724053618,陈小姐,女,60,100000001,18430628159,四川省,通化县,451024197101251596
CU17012560849271,齐先生,男,48,100000003,13052708394,江苏省,松山区,440106195209302926
CU17018817206453,魏小姐,女,34,100000009,13634685910,新疆维吾尔自治区,右玉县,430623198309031806
CU17020761092534,朱小姐,女,31,100000007,18856914387,河北省,瓦房店市,430502199611052256
CU17012840523196,张女士,女,57,100000000,18187635204,上海市,阳城县,341302198101221722
CU17015362958410,柳先生,男,24,100000005,17154169723,广西壮族自治区,泰来县,130726195403042925
CU17025847265901,堪小姐,女,51,100000008,13505341279,香港特别行政区,额济纳旗,52263119321210189X
CU17028382067514,王先生,男,59,100000003,17453467810,河南省,正镶白旗,450303198909222196
CU17028035784621,邹先生,男,46,100000006,15505328164,河北省,西岗区,51152120000111296X
CU17011836219705,唐小姐,女,31,100000007,17639021876,浙江省,富拉尔基区,140981197904051675
CU17023748039156,岑小姐,女,48,100000006,18350271469,天津市,绥滨县,610727194509251683
CU17018067453218,倪女士,女,45,100000003,15126894530,四川省,浮山县,140501193705201475
CU17022031658942,尹先生,男,26,100000001,13207951824,浙江省,桓仁满族自治县,630122193704212343
CU17028764051398,祁先生,男,28,100000008,18295281467,贵州省,青山区,350629197103111962
CU17027821759406,殷女士,女,52,100000005,18717385260,上海市,靖宇县,350104198509041402
CU17011539240187,祝先生,男,56,100000007,18571364589,广东省,安新县,451024198603232776
CU17020916827340,穆先生,男,49,100000004,18226187903,湖南省,江源区,53052119301115222X
CU17028701564389,茅女士,女,37,100000000,18486725493,山东省,东光县,320982195709091012
CU17013564730128,孙小姐,女,30,100000001,15570214593,安徽省,肥乡区,410581199009072996
CU17018718492065,廉先生,男,28,100000003,18625098631,上海市,大庆市,370782200710181242
CU17026140835926,元小姐,女,54,100000005,18748597032,西藏自治区,弓长岭区,610824193809201493
CU17012580436721,臧小姐,女,22,100000000,18905786193,香港特别行政区,石拐区,370882195105202362
CU17019738126590,汤女士,女,41,100000004,17645329071,江西省,扎赉特旗,130804196807161445
CU17013921053647,潘小姐,女,47,100000005,18403985421,浙江省,敖汉旗,340322198710311012
CU17023035421879,薛小姐,女,49,100000009,18785246917,贵州省,察哈尔右翼前旗,51101119560503211X
CU17020370264519,魏小姐,女,36,100000006,13407632845,天津市,邢台市,411330199908212476
CU17028750634182,雷女士,女,36,100000007,17952301947,四川省,顺义区,321101195211061562
CU17026203647589,孟先生,男,59,100000005,18552403918,湖北省,赵县,620402198006012243
CU17013627319584,邬女士,女,24,100000002,17609476231,湖北省,宽城区,330802193501161942
CU17011897401523,臧先生,男,54,100000003,13067021958,台湾省,滴道区,622921199307311233
CU17018194562370,范先生,男,36,100000005,18474359162,天津市,容城县,50011219591117258X
CU17028271406853,汤先生,男,50,100000003,18820694358,广西壮族自治区,临县,420528201306261626
CU17019149256378,窦先生,男,49,100000001,17414503298,海南省,阿拉善左旗,150826194603311665
CU17018830495621,毕女士,女,28,100000003,17849532601,甘肃省,大名县,371701195709102792
CU17020709486325,岑女士,女,31,100000001,18958924761,吉林省,祁县,53032119730716294X
CU17018921634857,尤女士,女,33,100000004,18065789134,贵州省,岢岚县,445281199705261406
CU17015864527031,马小姐,女,21,100000005,14747231859,天津市,南关区,371722196104152332
CU17015542983610,许小姐,女,22,100000002,13256987032,吉林省,细河区,51070119620811112X
CU17021395672810,屈小姐,女,49,100000001,18631285609,甘肃省,海州区,52262819340922129X
CU17017482730695,沈小姐,女,20,100000009,18584396257,河南省,衡水市,130426193306162825
CU17014504372186,任先生,男,25,100000006,18676902854,西藏自治区,扎赉特旗,52273019580721219X
CU17020031657489,沈女士,女,41,100000000,15045738602,江苏省,香河县,350322193101211852
CU17024532168479,项先生,男,22,100000006,18102385146,北京市,卢龙县,350505193209062972
CU17028480729135,傅小姐,女,27,100000004,15694635812,山西省,兴隆台区,54233019350604132X
CU17017607928513,酆女士,女,25,100000002,18570952684,陕西省,赞皇县,140322194803111085
CU17015104537829,元先生,男,27,100000007,17365093174,内蒙古自治区,新乐市,610724194608212693
CU17027415869023,康女士,女,39,100000005,17460125978,海南省,新城区,440114195512171596
CU17023795086431,安先生,男,30,100000001,13371635894,黑龙江省,伊春市,222402194811042499
CU17022476038519,罗女士,女,24,100000007,18248905726,西藏自治区,邢台市,411322193607132966
CU17028596483710,褚女士,女,30,100000000,13596048273,河南省,平房区,370705193303242502
CU17016784532196,戚小姐,女,45,100000008,18985613479,澳门特别行政区,鸡东县,431221197806012266
CU17027058436921,姜女士,女,38,100000006,18567935814,甘肃省,皇姑区,131125193009231245
CU17027485027639,苏小姐,女,21,100000000,17131064298,天津市,正定县,410883200607261766
CU17027104759268,孔女士,女,27,100000005,18463598410,吉林省,振安区,50024320130224127X
CU17011512473986,伍女士,女,35,100000000,13326431708,吉林省,中阳县,53282319410829180X
CU17024327956804,时女士,女,26,100000002,18429476513,天津市,朔州市,360925199011112792
CU17026153674928,齐先生,男,39,100000002,18259103468,天津市,吉林市,360502201204121832
CU17015492301687,孔女士,女,37,100000008,18646527189,重庆市,清苑区,411281198508221086
CU17011146387590,殷女士,女,42,100000004,13871896243,云南省,晋州市,51112419530427240X
CU17012631705924,安小姐,女,43,100000004,18269807431,北京市,兴安盟,150302199211142555
CU17024412968503,吕先生,男,30,100000009,13620957841,陕西省,法库县,130901193012101155
CU17028674305981,明小姐,女,36,100000006,17247508912,云南省,城区,370282193404032052
CU17028865479032,曹小姐,女,20,100000002,18583605947,澳门特别行政区,察哈尔右翼中旗,54232219850210236X
CU17019169752084,柳女士,女,53,100000006,15230218945,黑龙江省,介休市,370401198608151422
CU17019907481523,王先生,男,44,100000002,13029703568,吉林省,丹东市,652325195105151783
CU17012357869104,时小姐,女,39,100000007,18260157248,西藏自治区,博野县,50011119871229248X
CU17018652130984,纪小姐,女,44,100000002,15191042875,内蒙古自治区,翼城县,450403194503251596
CU17013853106429,邵女士,女,60,100000001,15207361849,青海省,晋州市,370802195309171432
CU17020495103768,毛小姐,女,31,100000003,13081572069,江苏省,准格尔旗,431123194904032776
CU17012086531274,邵女士,女,46,100000000,15965409372,上海市,阿城区,421126197210232426
CU17012805912736,吴小姐,女,51,100000005,17589643721,贵州省,永和县,150425193908082785
CU17020290813647,韦女士,女,31,100000005,13715984732,香港特别行政区,承德市,210201196909051699
CU17013049832657,王小姐,女,37,100000008,15638061952,黑龙江省,长子县,53292619620107292X
CU17023364180725,彭女士,女,35,100000000,15145028671,安徽省,宽城满族自治县,152531196209251085
CU17025549837210,屈小姐,女,24,100000003,13612365794,云南省,新河县,341001198204281082
CU17018627358491,柏小姐,女,37,100000001,15236890174,陕西省,新绛县,441721195208072676
CU17027921470356,祁先生,男,54,100000004,15909478236,台湾省,卓资县,360424200507142362
CU17012610285739,滕女士,女,50,100000000,14738209617,辽宁省,集贤县,130632199805282975
CU17028930478615,罗小姐,女,50,100000007,18179031485,新疆维吾尔自治区,呼兰区,130903194312222255
CU17011056493218,岑先生,男,47,100000007,15293015672,香港特别行政区,扎赉特旗,150702199204171285
CU17018650849372,郎小姐,女,59,100000004,18275490328,贵州省,闻喜县,410482200407242036
CU17016618027943,狄先生,男,48,100000008,13021098754,海南省,榆次区,622927193412112723
CU17016014396782,葛先生,男,50,100000005,18469728153,重庆市,文圣区,210905199612012849
CU17017519684372,沈小姐,女,53,100000005,15196085371,安徽省,屯留县,150624195301201145
CU17017457109862,章先生,男,51,100000002,18405279864,四川省,阳曲县,211081197301291339
CU17023351728469,任小姐,女,55,100000002,18828175439,广东省,梅河口市,410803201009091506
CU17027261739540,葛女士,女,24,100000002,18125184369,广东省,阜城县,53062620090713244X
CU17014510732864,曹先生,男,60,100000007,13163948705,甘肃省,西丰县,230129193301112049
CU17020702935416,禹先生,男,30,100000001,18858670913,澳门特别行政区,垣曲县,654321198401101553
CU17023468531072,马先生,男,45,100000005,18587612304,新疆维吾尔自治区,梨树区,341021193610112872
CU17018284517069,孔先生,男,50,100000008,18923985061,江西省,喀喇沁左翼蒙古族自治县,211321195402082829
CU17026594267380,庞小姐,女,44,100000001,17205326974,重庆市,前进区,150524195710031015
CU17024735426980,祝女士,女,20,100000000,18645813269,江苏省,太子河区,130209200011191115
CU17024857390261,乐先生,男,32,100000006,17405687321,湖北省,白云鄂博矿区,652901201305241093
CU17014347951862,宋先生,男,28,100000004,13889175406,贵州省,东山区,371302199007103002
CU17027740532698,邹小姐,女,20,100000003,15923749018,黑龙江省,石楼县,410222200008272326
CU17021430259761,杨小姐,女,58,100000003,15361270398,青海省,顺义区,411102193503011096
CU17016081649753,尹先生,男,56,100000001,15601926375,浙江省,蛟河市,53070119501123211X
CU17017960185324,鲁女士,女,60,100000007,17694205863,台湾省,兴安盟,350481195102102772
CU17026468920517,伍女士,女,48,100000001,18898560427,河北省,大厂回族自治县,220401199905211599
CU17014128943605,张先生,男,29,100000008,13005813976,江西省,新巴尔虎左旗,230503200101301679
CU17018127306489,吕女士,女,26,100000004,17346957123,甘肃省,梨树县,52262519970714149X
CU17022238594107,潘先生,男,60,100000003,15660823759,山东省,朝阳区,230111195701262039
CU17023629134750,堪小姐,女,21,100000001,13530254876,广西壮族自治区,双辽市,410306201012051126
CU17026120384795,水女士,女,59,100000002,18848139075,海南省,泽州县,653130194602171583
CU17025796251438,沈先生,男,45,100000006,15897068432,内蒙古自治区,德惠市,411403196411092796
CU17020436125870,钱先生,男,43,100000003,13680916347,福建省,灵石县,330411195508182022
CU17026038572649,华小姐,女,36,100000003,18118746593,浙江省,梨树区,410501193306022066
CU17027307481629,和女士,女,27,100000003,18135407186,四川省,乌兰浩特市,371002195501072652
CU17021416382790,廉先生,男,43,100000009,18554217869,辽宁省,宝清县,53012220001225224X
CU17014907354681,韩先生,男,35,100000009,13302165379,广东省,雄县,360726199005291842
CU17012581406739,毕小姐,女,30,100000001,13367802519,香港特别行政区,汾西县,450721195610051736
CU17016368725491,庞小姐,女,35,100000000,13315306847,西藏自治区,察哈尔右翼前旗,341181201211221012
CU17025320641789,郝先生,男,37,100000004,18649017853,江西省,恒山区,230702193605302849
CU17012396051724,邵女士,女,57,100000009,13023601578,山西省,卓资县,330783195001012722
CU17022681529734,魏先生,男,56,100000007,13185419763,湖北省,宝清县,51323219770915164X
CU17022351460987,于小姐,女,28,100000002,18975498620,北京市,昌邑区,330122200307161822
CU17022152674938,孔小姐,女,24,100000001,17152471386,新疆维吾尔自治区,新宾满族自治县,51170219540522280X
CU17012372098615,喻先生,男,29,100000008,18014285603,陕西省,浑江区,420801193502201196
CU17015719248053,殷小姐,女,50,100000006,13534025987,甘肃省,北票市,450202196312271726
CU17011519742830,金女士,女,26,100000006,17597520146,湖南省,城区,610102200402012443
CU17014251647389,禹先生,男,44,100000007,17124816039,上海市,辽宁省,230224196805292999
CU17021706418253,方女士,女,37,100000002,18020971384,黑龙江省,廊坊市,421123195905181886
CU17016450983217,彭女士,女,38,100000009,14792734856,澳门特别行政区,霸州市,320302194809012772
CU17026059234187,舒女士,女,47,100000004,18878305629,安徽省,达拉特旗,360731200207202072
CU17011932540817,孔先生,男,26,100000006,13786235109,浙江省,朝阳区,370405197101101902
CU17027516879243,安先生,男,33,100000006,13384725103,山西省,沁源县,620924194612242383
CU17017037645812,柏小姐,女,37,100000007,18580594312,西藏自治区,平遥县,450102198903141566
CU17023920564781,平女士,女,20,100000004,15762703548,江西省,陵川县,433125195910031606
CU17013605928347,柏女士,女,21,100000003,17760739452,内蒙古自治区,浑源县,610112196203211623
CU17013380524691,邹女士,女,41,100000000,18616730948,广西壮族自治区,满洲里市,441803195407292586
CU17017190342687,鲁小姐,女,28,100000004,17468510397,甘肃省,金州区,150523198801171735
CU17018513487062,屈女士,女,54,100000009,17883061752,河北省,吴桥县,51011319930611157X
CU17028206983751,褚女士,女,35,100000006,18581470652,浙江省,平山县,210282196304061349
CU17017982763014,孟小姐,女,49,100000004,13615390768,青海省,新宾满族自治县,450321199201072166
CU17024263895047,常小姐,女,31,100000003,18756749301,青海省,定州市,620924194412112443
CU17020276539108,孟小姐,女,36,100000002,15906184259,辽宁省,锡林郭勒盟,330303196203121992
CU17026082736194,李先生,男,45,100000000,17567953801,河北省,襄垣县,320322199503211732
CU17011345107682,卫女士,女,41,100000000,17593240581,重庆市,黑龙江省,610921196307211123
CU17019890324157,鲁女士,女,33,100000000,17395082473,湖北省,滴道区,50024319350413108X
CU17019093128746,贝女士,女,21,100000000,17725076983,天津市,邱县,659002199408062233
CU17020845270169,臧女士,女,59,100000001,18960539472,宁夏回族自治区,海勃湾区,420104197205281406
CU17018043692158,常先生,男,25,100000004,13485427391,云南省,丰宁满族自治县,51052519900710104X
CU17014023987415,俞先生,男,37,100000000,17227153690,福建省,郊区,460323196606072966
CU17013957012368,狄女士,女,55,100000000,15998057436,新疆维吾尔自治区,阳曲县,431081199701071326
CU17016196308457,乐先生,男,60,100000009,18595367842,海南省,辽中区,431028198602222326
CU17027048653921,舒先生,男,31,100000003,18218594263,山西省,新巴尔虎左旗,220323201210241419
CU17022670834912,范女士,女,50,100000004,17261408539,贵州省,白山市,340703198401101372
CU17017365247891,皮先生,男,54,100000002,15801923856,辽宁省,泽州县,330105199302121132
CU17026953712486,倪先生,男,33,100000006,17526789103,天津市,献县,52262919800310166X
CU17021678923054,俞先生,男,22,100000004,13397530184,广西壮族自治区,南宫市,50023719601222233X
CU17028548719063,董先生,男,57,100000003,13464907283,上海市,鄂托克前旗,330501200711021512
CU17015512768394,韩女士,女,40,100000001,18612750396,河北省,新邱区,130128194204262995
CU17013752601438,卞小姐,女,26,100000009,15396152087,河南省,峰峰矿区,622926200407302063
CU17022576493082,鲍小姐,女,39,100000004,17926491375,安徽省,四平市,440104193503141056
CU17021782514309,萧小姐,女,22,100000008,18021859074,黑龙江省,商都县,431028195611161686
CU17019162094578,朱小姐,女,29,100000004,17761082394,吉林省,盖州市,440301198211031166
CU17022378516920,宋先生,男,30,100000004,13703418296,河南省,尚志市,622922194709051193
CU17016094816352,贝先生,男,48,100000005,17728540391,宁夏回族自治区,左云县,51010720020512258X
CU17022147806259,朱先生,男,20,100000009,18998476052,重庆市,定兴县,50011519730414121X
CU17019251368740,陈先生,男,26,100000002,18268702139,辽宁省,南岗区,370523194905182562
CU17013083619724,董女士,女,49,100000000,17884156790,湖北省,邯郸市,150902200703311495
CU17019817234650,袁女士,女,47,100000001,15050941637,北京市,卢龙县,150724198801182815
CU17021761480239,和先生,男,21,100000004,17515327890,海南省,德惠市,51162219681126266X
CU17027401732896,昌小姐,女,30,100000009,18841897256,湖北省,兴城市,320923199603092942
CU17012695380274,柳小姐,女,52,100000003,18734015792,青海省,延边朝鲜族自治州,51172519671218296X
CU17018380691254,禹小姐,女,48,100000003,18806472895,广东省,绥滨县,52272519821028154X
CU17014623597081,梁小姐,女,60,100000003,15173208645,广西壮族自治区,石家庄市,341024198907291472
CU17017326158940,赵先生,男,57,100000007,17430915287,海南省,城区,54242819620425150X
CU17027401657892,沈小姐,女,32,100000004,13769834512,青海省,苏尼特左旗,131082200009232595
CU17023524061937,计小姐,女,56,100000009,13861857490,宁夏回族自治区,运城市,360425201002071262
CU17012875420619,计小姐,女,50,100000005,13693465207,黑龙江省,张家口市,340501197611252222
CU17017784019526,贝女士,女,39,100000008,17709834561,宁夏回族自治区,清苑区,350102193912071862
CU17011078291546,祝先生,男,42,100000004,18867283905,河南省,清原满族自治县,430405199902111976
CU17015649301857,方小姐,女,40,100000003,18660854321,澳门特别行政区,兴隆台区,450601199003041726
CU17025154207863,卜女士,女,27,100000004,18917530862,上海市,东辽县,131001195511052065
CU17016134907658,明先生,男,28,100000008,18705316784,四川省,桥西区,320117193208101252
CU17018847325906,张女士,女,38,100000001,15224860591,甘肃省,双城区,420702198403141906
CU17025230419765,花先生,男,59,100000005,15065198324,天津市,凌河区,441225198409052416
CU17025367908125,昌小姐,女,60,100000004,18453879410,江苏省,凉城县,371423196910211282
CU17027750192346,姜女士,女,46,100000001,17787425613,贵州省,保德县,52272619620323167X
CU17012208145739,史女士,女,54,100000003,15057210863,天津市,察哈尔右翼前旗,450405196807191666
CU17020809237164,卜先生,男,38,100000003,18647958026,上海市,黑山县,440703198704031656
CU17023268514730,舒小姐,女,41,100000005,13476412305,澳门特别行政区,鹰手营子矿区,450205199007292296
CU17026962784051,韩先生,男,21,100000007,13746720381,山西省,方正县,370102195803303002
CU17019314729650,陶小姐,女,35,100000003,18821384075,贵州省,北戴河区,130204198012252405
CU17011914568072,毛女士,女,55,100000001,17438169742,甘肃省,张家口市,140902199009042525
CU17028047238156,纪先生,男,22,100000006,13074016528,河北省,辽阳县,450902200412202306
CU17022459180732,贝女士,女,34,100000005,18873860512,河南省,盂县,371701193808172782
CU17014982431570,尹小姐,女,26,100000004,15658913724,澳门特别行政区,石景山区,650202196302051393
CU17027941586023,董女士,女,27,100000008,18894563821,辽宁省,大庆市,330203194811212302
CU17027367850924,秦女士,女,51,100000004,15093516874,天津市,清徐县,50023119631214291X
CU17026051392764,郝小姐,女,22,100000004,13567530184,香港特别行政区,清河县,230523197509232919
CU17019583419602,茅女士,女,58,100000004,17650291768,西藏自治区,朝阳区,411522195009221796
CU17018635482079,谈小姐,女,23,100000008,15594218735,吉林省,垣曲县,130421196805121025
CU17017287561043,廉小姐,女,40,100000009,18146813072,山西省,定襄县,53262619720602246X
CU17011871549032,倪小姐,女,40,100000001,13992067843,贵州省,兴县,51072419560309194X
CU17020130468295,雷女士,女,20,100000006,17631782906,天津市,蔚县,410883194604131976
CU17019865921047,卞女士,女,52,100000003,18762519783,山东省,拜泉县,610727199211111573
CU17016481790625,昌小姐,女,25,100000004,17795284703,山西省,鸡西市,52262220110822142X
CU17014792465108,项小姐,女,46,100000009,15161840952,甘肃省,林西县,52052619940124139X
CU17012042675189,华女士,女,47,100000000,15942731609,山西省,凌河区,130129196908222465
CU17012259640387,茅小姐,女,40,100000001,18421568709,安徽省,和林格尔县,640324194505271823
CU17012692057184,滕先生,男,57,100000003,17558406321,新疆维吾尔自治区,呼和浩特市,330302201307062322
CU17015684379105,傅先生,男,50,100000009,17334107258,安徽省,偏关县,150802197408091195
CU17013439701562,邹小姐,女,51,100000002,15648721603,陕西省,忻州市,140108201005071085
CU17025408192576,李先生,男,22,100000008,13547095821,湖南省,溪湖区,130826194111022935
CU17015438752109,章小姐,女,29,100000006,17665931408,河北省,灵丘县,51333320080307160X
CU17017632851409,卞小姐,女,56,100000006,13745279610,陕西省,黄骅市,53262419611128109X
CU17025043792568,任小姐,女,22,100000003,13245368790,天津市,新巴尔虎右旗,430302193109081066
CU17014481763059,毕小姐,女,56,100000000,18603429186,陕西省,康平县,652302193610312203
CU17027157280346,方女士,女,46,100000006,15056328417,上海市,蒲县,610304194607252733
CU17026548631079,成小姐,女,57,100000004,13315689704,重庆市,晋州市,652925199912021923
CU17011713582964,谢女士,女,40,100000007,15963810479,上海市,抚松县,51182519890329164X
CU17017532689470,柏女士,女,21,100000002,15009531674,河南省,东胜区,632724196504162693
CU17015421865397,郎先生,男,50,100000002,18298643715,浙江省,滦南县,410108199501212656
CU17028793186254,唐小姐,女,27,100000002,15647920615,山西省,鹰手营子矿区,440523201307282196
CU17023396705814,杨小姐,女,57,100000003,13819504863,陕西省,西岗区,610628193109251973
CU17017129463587,姚小姐,女,33,100000005,18070954612,云南省,鸡泽县,310117198411282142
CU17016830562149,尹先生,男,42,100000000,15197248301,福建省,东昌区,52011319440617169X
CU17011201359467,郎女士,女,57,100000006,18903246718,辽宁省,武清区,410902196911042436
CU17027247839015,殷女士,女,36,100000006,15564187320,香港特别行政区,大石桥市,450981193010272556
CU17018291670835,韦先生,男,34,100000003,18305914236,云南省,大兴区,620702194709072813
CU17011531729084,穆先生,男,25,100000001,13634218976,宁夏回族自治区,义县,220211197405251149
CU17012518903276,成小姐,女,39,100000007,17265214083,海南省,建平县,211005195905201759
CU17013964703812,余女士,女,43,100000003,17298302517,上海市,临河区,54222719840304143X
CU17013492018763,郎女士,女,47,100000008,13898635124,湖北省,太原市,610326195804061923
CU17012637081954,史小姐,女,50,100000002,18973195640,陕西省,达拉特旗,420821195310032166
CU17022798041356,沈先生,男,42,100000002,15580973156,上海市,文水县,340303198609051492
CU17022826531947,华女士,女,55,100000001,17605732698,北京市,安图县,440402195107182916
CU17018124708593,董小姐,女,38,100000008,18461780324,天津市,库伦旗,350302194705011192
CU17021419608523,柏女士,女,47,100000003,13180362715,青海省,溪湖区,53253119770902132X
CU17027826705139,郎小姐,女,31,100000006,18818736502,河北省,任县,53011319370906197X
CU17022217634589,昌先生,男,52,100000007,18645017389,内蒙古自治区,延边朝鲜族自治州,410923200104191106
CU17018649152307,马小姐,女,34,100000006,18592350768,山东省,平遥县,440801195805072956
CU17023569037248,唐小姐,女,36,100000003,13304832591,西藏自治区,富拉尔基区,370301193106111072
CU17028743206981,云先生,男,41,100000009,13818540379,贵州省,曲阳县,52232320090108215X
CU17021521094738,朱小姐,女,38,100000001,15557086193,黑龙江省,西安区,330825201302012552
CU17011205761483,陶先生,男,33,100000005,18197316048,北京市,林西县,340702193905261342
CU17020729085614,昌先生,男,34,100000003,17648362970,河北省,石家庄市,341825195308042642
CU17020098532674,冯小姐,女,54,100000000,15913547896,河南省,临县,210213195907311059
CU17014024698371,薛女士,女,20,100000004,17212560839,山西省,拜泉县,410825200208131196
CU17022214395607,纪小姐,女,33,100000006,15169581740,上海市,嘉荫县,51132320020226289X
CU17023672348905,郝小姐,女,33,100000009,18974102683,福建省,平陆县,420117195507301956
CU17015304967852,沈女士,女,32,100000005,15994817520,香港特别行政区,山阴县,53342119840906240X
CU17016736109245,祝小姐,女,51,100000001,17557638412,湖南省,突泉县,210323200410301639
CU17023703149682,常小姐,女,50,100000001,18131058274,江西省,巴林左旗,130428200604282865
CU17028831920674,杨女士,女,38,100000000,15665310742,甘肃省,桓仁满族自治县,54212819760514280X
CU17026401289576,袁先生,男,45,100000001,13801768234,北京市,兴隆县,371425194208241722
CU17020761039254,潘先生,男,54,100000005,17620745193,山西省,梅里斯达斡尔族区,420324193410052006
CU17019618539024,鲁女士,女,59,100000005,18829615347,陕西省,大安市,320305197708082012
CU17016743152806,雷女士,女,44,100000000,18775023648,海南省,襄垣县,410928195801271866
CU17025042615978,殷小姐,女,23,100000007,18642510976,黑龙江省,宁江区,230125196610282289
CU17014845902316,皮小姐,女,30,100000009,15753416082,甘肃省,冀州区,140829200412041755
CU17025406153978,施女士,女,47,100000002,17629548301,湖北省,大名县,450603194605191096
CU17018243791806,云先生,男,43,100000003,17105486713,新疆维吾尔自治区,抚松县,141125197612152315
CU17022236951807,萧小姐,女,57,100000000,15893482051,福建省,新城区,51152119850314121X
CU17027863059712,纪先生,男,44,100000001,18535840627,湖北省,金州区,341222196908172602
CU17026385609741,谢小姐,女,22,100000005,18813749580,澳门特别行政区,汤原县,622926198601161533
CU17020732109685,祁女士,女,42,100000004,15271938265,河南省,鄂伦春自治旗,621021196404292253
CU17016357024168,彭先生,男,59,100000000,18912487059,北京市,平山县,360501200803042192
CU17023759148602,贝先生,男,56,100000006,18206158932,上海市,朝阳县,370481198309262752
CU17012204615837,邵女士,女,21,100000001,15658329604,湖北省,上甘岭区,340102198801011112
CU17014731486029,邹女士,女,50,100000006,13719802374,重庆市,昔阳县,411302196007261206
CU17014194268530,萧女士,女,56,100000002,18337412806,北京市,长白朝鲜族自治县,371727196009032252
CU17016384916057,苏女士,女,60,100000002,18945279681,湖南省,虎林市,52038119501127150X
CU17012813427065,元先生,男,30,100000009,17453187429,青海省,满城区,51102819690718217X
CU17023781254693,酆女士,女,21,100000004,18315407392,台湾省,方正县,230604199706211719
CU17026143962850,萧先生,男,51,100000005,18565974028,贵州省,行唐县,440514199408202486
CU17013178245390,平小姐,女,29,100000007,18013245867,上海市,肇源县,610828200605112913
CU17018860791243,姚女士,女,54,100000000,18618950734,天津市,康保县,610481199607091783
CU17019091753482,酆小姐,女,59,100000005,13569701283,贵州省,双滦区,431102196902131296
CU17018471563809,谢先生,男,30,100000001,17636871402,青海省,大宁县,220284198908192779
CU17025835096274,熊小姐,女,50,100000005,13616084972,湖北省,内蒙古自治区,430611194008171526
CU17026805327641,金小姐,女,35,100000006,18598654731,浙江省,成安县,53262319630921209X
CU17015027563498,柏女士,女,28,100000000,15550189243,江苏省,大连市,360601193211022982
CU17015713260945,臧小姐,女,37,100000000,15138597104,山西省,翁牛特旗,52272719350131190X
CU17018097251683,喻小姐,女,60,100000005,17230891652,湖北省,扎赉特旗,350925200403292322
CU17023396057128,史先生,男,49,100000002,18484902576,河南省,郊区,130701193805282175
CU17024063482195,袁先生,男,44,100000009,15626734815,四川省,朝阳市,152527196909251665
CU17024201649873,柳先生,男,50,100000003,18556742031,青海省,宁城县,430527199911182186
CU17020786301429,水小姐,女,53,100000007,18532549108,山东省,南岔区,53032219760903284X
CU17025075264913,祁先生,男,60,100000005,18640239581,海南省,沧县,611025198907261803
CU17012405293718,周先生,男,30,100000003,13812789460,西藏自治区,科尔沁右翼中旗,451202196411092856
CU17020897256341,鲁女士,女,31,100000008,18669328540,黑龙江省,开原市,331121199008161112
CU17023807543129,祁女士,女,33,100000001,18223814506,陕西省,九原区,53250419560325101X
CU17028350962784,窦女士,女,31,100000000,17736519280,河北省,郊区,331081200609302302
CU17025635218947,苗女士,女,39,100000000,13751367240,甘肃省,伊春市,320582200607111532
CU17017024361589,曹女士,女,24,100000008,13249163287,湖北省,红桥区,341702198212041242
CU17014409185273,水先生,男,40,100000003,15158032417,海南省,千山区,54010120110924143X
CU17015680739142,冯小姐,女,41,100000007,15913689452,宁夏回族自治区,巴彦县,350925198803311112
CU17017034912867,祁小姐,女,37,100000001,18814920856,山西省,蓟州区,130822196302271085
CU17013978450612,屈女士,女,46,100000003,18840271958,海南省,丰镇市,370921198709172802
CU17024946815023,严女士,女,25,100000001,13374321598,台湾省,临漳县,53233120031011235X
CU17022317286549,喻女士,女,59,100000006,18630982746,湖北省,北票市,430726198102051526
CU17026238751964,施先生,男,26,100000000,13808917546,新疆维吾尔自治区,河曲县,211003199006222829
CU17016219340658,于小姐,女,56,100000009,18060517943,贵州省,肥乡区,620923200306211363
CU17025472830956,方小姐,女,21,100000008,15594821760,重庆市,台安县,370982200101092222
CU17014672893450,韦小姐,女,44,100000009,18882140357,浙江省,东丰县,131003197104291305
CU17028035798426,施女士,女,41,100000001,13006429851,云南省,康保县,54233119700430102X
CU17019963418702,米小姐,女,25,100000002,14775182304,香港特别行政区,农安县,341203195608081132
CU17016978461023,华先生,男,41,100000002,18723481057,重庆市,汾阳市,210402195001182249
CU17014514360827,贝先生,男,44,100000007,13583249076,陕西省,阿尔山市,130627200908121925
CU17013807215394,昌小姐,女,37,100000004,13813972640,澳门特别行政区,兴和县,370901196309202122
CU17011398245716,严女士,女,32,100000005,13165302984,河南省,郊区,140428201004201085
CU17021741039528,郑小姐,女,55,100000000,15975948206,上海市,洪洞县,130302198601232985
CU17013072349865,姚女士,女,29,100000000,18570593621,安徽省,扎赉诺尔区,331021196203102332
CU17016230694157,吴女士,女,59,100000006,18623561809,湖北省,庄河市,52060219930416245X
CU17011084617259,郎女士,女,41,100000004,15146238195,北京市,永吉县,230506194305231469
CU17011819204576,汪小姐,女,27,100000001,17745210837,黑龙江省,大洼区,371326196909092912
CU17020315068274,施先生,男,41,100000007,17517853694,香港特别行政区,临猗县,51200119600621235X
CU17022058472136,李小姐,女,47,100000002,18407625843,安徽省,襄垣县,410928198003202536
CU17020486375290,毛先生,男,30,100000000,18556187249,内蒙古自治区,道外区,150421200209022235
CU17019256804371,尹先生,男,30,100000000,18884169350,台湾省,黎城县,620321194111131283
CU17016087162935,卜女士,女,59,100000002,15892386470,陕西省,陈巴尔虎旗,320803197910032662
CU17016864217039,毛先生,男,34,100000002,17790758642,天津市,巴林左旗,54222519470421256X
CU17023854201736,谈女士,女,22,100000007,17636829150,湖南省,清水河县,610323193104151993
CU17022654923801,奚小姐,女,36,100000007,17781634527,江西省,铁东区,451101197705131066
CU17014015684273,酆先生,男,47,100000009,17956173942,河北省,宁江区,51130119821102274X
CU17025908637145,凤先生,男,25,100000008,18435180927,天津市,昆都仑区,440114198007211586
CU17023265301487,酆女士,女,32,100000000,17786312754,浙江省,通辽市,350104194310272312
CU17017401756239,苏女士,女,60,100000003,13648326519,江西省,乾安县,410425194107162366
CU17018498761305,康小姐,女,33,100000007,18372591608,香港特别行政区,科尔沁区,210502194308011529
CU17015650872193,张先生,男,40,100000003,15356043792,北京市,大兴区,450901198805131986
CU17027041865793,潘先生,男,59,100000002,18616703458,广西壮族自治区,平山县,440507199204122766
CU17020345890276,齐先生,男,54,100000008,18729475183,河南省,廊坊市,53038119830525226X
CU17012573410869,陶小姐,女,56,100000002,18619870253,四川省,衡水市,230231200801092919
CU17014169472083,窦女士,女,28,100000008,18657106423,广西壮族自治区,红桥区,652301200804033003
CU17023031584962,昌先生,男,22,100000004,13643186205,宁夏回族自治区,阿拉善右旗,230229194103021919
CU17012538946172,朱小姐,女,36,100000002,13152671390,北京市,临江市,370521197805022672
CU17017193254708,孙小姐,女,40,100000005,18151093846,澳门特别行政区,萨尔图区,150521196207142525
CU17011705916342,尹女士,女,42,100000005,18823547106,广东省,凉城县,320412200306202182
CU17023271954683,何女士,女,29,100000003,15189563270,湖南省,新绛县,210213197407182919
CU17017537162098,尤小姐,女,28,100000007,18639647105,辽宁省,延寿县,320402200608232562
CU17022594821607,邵女士,女,49,100000006,18762130594,海南省,河西区,445281198501212516
CU17021029341657,柏女士,女,44,100000002,15367430259,海南省,汾西县,610728197701262723
CU17023064218395,茅小姐,女,37,100000006,17195743108,山东省,行唐县,53082919560913136X
CU17027809543261,祝小姐,女,54,100000008,13787035642,辽宁省,饶阳县,210203197304022239
CU17024436795012,成小姐,女,44,100000006,15820598461,吉林省,望花区,131182199703012395
CU17021573168209,戚先生,男,51,100000001,18002173695,海南省,河东区,451422198506182406
CU17012682490357,谈女士,女,49,100000008,15962931807,广西壮族自治区,鞍山市,469026194802052146
CU17022163724950,伏小姐,女,45,100000000,18553970642,福建省,平陆县,440301196003162116
CU17017072463815,云小姐,女,40,100000006,13268041725,湖北省,辽阳市,231182196204052149
CU17015531069872,严小姐,女,51,100000008,15970395821,海南省,达尔罕茂明安联合旗,321023193202241422
CU17022127869504,姚女士,女,20,100000001,18431902785,辽宁省,方正县,441502196908121406
CU17023703689241,萧小姐,女,60,100000007,18762950471,安徽省,工农区,54012419820911192X
CU17025843750219,张先生,男,45,100000007,13017926850,重庆市,原平市,340303194005072712
CU17020947816205,尤先生,男,37,100000002,13905437698,香港特别行政区,海州区,610629195702162403
CU17020841769032,章小姐,女,51,100000008,17261785290,山东省,克什克腾旗,620103193307151513
CU17013028359674,卞先生,男,43,100000002,18895481326,广东省,汪清县,361101194403092552
CU17016486572903,王女士,女,38,100000004,13576980412,江苏省,赵县,360825196102272282
CU17028529106478,王女士,女,47,100000005,17161975248,山西省,乌拉特后旗,350801200402112832
CU17014593814706,秦小姐,女,22,100000008,18859048612,北京市,大石桥市,371202193811261692
CU17019964370125,韦女士,女,49,100000009,15647526980,宁夏回族自治区,山海关区,653125196906252483
CU17026815293046,花先生,男,43,100000006,18021359748,内蒙古自治区,抚宁区,341103196406142272
CU17017286053471,韩小姐,女,43,100000009,18858013479,新疆维吾尔自治区,石景山区,51130319810223231X
CU17028624738901,宋小姐,女,60,100000006,13862810943,辽宁省,赵县,360825193810012032
CU17015527416039,何女士,女,58,100000002,15649362580,重庆市,四方台区,370501195002241902
CU17025749063281,任先生,男,32,100000008,18736812954,山东省,宁城县,360424197307183002
CU17026254608793,姜先生,男,60,100000000,13764598037,安徽省,集贤县,51132219920329111X
CU17012275138064,柏小姐,女,57,100000006,17429476351,天津市,桃城区,632522194203091933
CU17019963108752,和先生,男,24,100000006,14791402765,天津市,通化县,131182200611032515
CU17021704218593,郎女士,女,50,100000005,15385197024,云南省,和顺县,150581198502252855
CU17011673829105,孟小姐,女,42,100000000,18546025937,上海市,平山区,51130319410106100X
CU17022364982507,安先生,男,35,100000009,18831608947,湖南省,浑南区,610114199810282723
CU17014402631758,潘女士,女,49,100000006,15968705421,上海市,建平县,371625200303232322
CU17011058637142,酆女士,女,32,100000003,15196420875,福建省,山海关区,420113197008152966
CU17014920576483,赵女士,女,48,100000002,18652678034,陕西省,丰南区,52032119680816191X
CU17022419620385,戚小姐,女,52,100000004,18485723604,贵州省,巴彦淖尔市,371101195808241752
CU17028459206713,倪女士,女,54,100000005,18795283167,重庆市,阿拉善左旗,320706196006231802
CU17016082539467,岑小姐,女,38,100000003,13421940738,上海市,阜城县,440701201002141806
CU17013904172563,庞先生,男,32,100000005,18513207645,江西省,栾城区,411301194609062386
CU17027256807149,汤先生,男,41,100000006,18036409721,青海省,雄县,222404195006152599
CU17021504278196,汤小姐,女,60,100000008,18419504382,河北省,甘南县,430203194910102996
CU17015405819763,薛小姐,女,39,100000002,17527903164,北京市,普兰店区,469001193107052886
CU17019218067594,吕先生,男,50,100000009,18635604971,广西壮族自治区,梨树区,430802194908031216
CU17025048157239,臧小姐,女,22,100000007,18835496780,西藏自治区,郊区,220881201112272329
CU17017301756294,罗女士,女,25,100000004,15987312654,海南省,宽城满族自治县,230306201207131439
CU17015502638194,祝小姐,女,22,100000003,13742019765,天津市,唐县,152221197907031045
CU17011028467319,冯先生,男,46,100000008,17854637082,江西省,前郭尔罗斯蒙古族自治县,640501200402111203
CU17014950716382,任先生,男,59,100000005,15619468025,黑龙江省,磴口县,430103197801082466
CU17025361058249,姚小姐,女,23,100000001,17535270498,四川省,奈曼旗,411528196312172536
CU17018023871695,郝女士,女,25,100000006,15329517340,安徽省,喀喇沁旗,411503196608171946
CU17016835091764,任小姐,女,26,100000002,18201864532,浙江省,永和县,431229194201121956
CU17016314627809,宋先生,男,33,100000002,18750873142,黑龙江省,邱县,130582193811081725
CU17017794183256,昌女士,女,47,100000001,15384021596,山西省,灵丘县,320921199609072252
CU17012428679135,尹先生,男,46,100000002,18930715248,广西壮族自治区,双阳区,610125193812102813
CU17014523746180,冯女士,女,42,100000003,17361208749,湖北省,通化市,450302193408311216
CU17020726045139,陶先生,男,37,100000009,14731042678,西藏自治区,辽宁省,360281201304102162
CU17028132475069,雷先生,男,50,100000006,15806279845,江西省,平陆县,620524195303232773
CU17024049521836,华女士,女,41,100000003,18801459273,内蒙古自治区,本溪满族自治县,230822200811092339
CU17017154798263,邵先生,男,21,100000006,13874518063,湖北省,于洪区,340124199810291522
CU17023315702689,许小姐,女,27,100000006,18828576934,湖南省,带岭区,630224198612252263
CU17011398260517,郝小姐,女,41,100000004,18539186420,福建省,左云县,441401198907092416
CU17014260941783,卜女士,女,42,100000007,13402493158,内蒙古自治区,敦化市,451401195704181486
CU17028278315604,郎女士,女,33,100000000,18218059467,天津市,长安区,450103199011262946
CU17017014356897,舒先生,男,22,100000009,17935697182,宁夏回族自治区,镇赉县,430624199405031186
CU17024714053286,堪女士,女,51,100000008,13469275301,上海市,杏花岭区,340506195512031622
CU17017786504129,狄女士,女,54,100000007,18018672345,辽宁省,科尔沁右翼中旗,620825195811032843
CU17024930864152,施小姐,女,47,100000002,18941807693,青海省,方山县,53052319790928288X
CU17023692310745,顾先生,男,60,100000005,18659807421,云南省,满城区,320206193408072992
CU17020420561879,潘小姐,女,42,100000002,18905184239,上海市,滦平县,150626198902151615
CU17016613207485,平小姐,女,29,100000003,13003569487,澳门特别行政区,通河县,140421193402201425
CU17014680219574,吴先生,男,26,100000009,17965490318,湖南省,扎鲁特旗,53082319810618201X
CU17024791623580,倪女士,女,41,100000008,18531780652,甘肃省,白山市,440802195201152946
CU17020298617354,王女士,女,38,100000006,13069735048,河北省,乌马河区,421123194702282386
CU17021073281594,常女士,女,26,100000002,17348159372,上海市,沈阳市,152224195605111085
CU17025452176930,邵先生,男,22,100000008,17241720956,宁夏回族自治区,安平县,410927193204262296
CU17023802794631,窦小姐,女,49,100000005,13971426503,黑龙江省,高阳县,140401196709171135
CU17015358960124,贺小姐,女,33,100000003,18716850394,青海省,鲅鱼圈区,450403193212291786
CU17027473910862,计小姐,女,59,100000001,17284592063,广东省,房山区,130303198909232505
CU17026346190587,庞女士,女,52,100000004,13252061937,福建省,锡林浩特市,610824193306292073
CU17020280935764,吕女士,女,33,100000001,13348973201,北京市,运城市,430521196405141616
CU17025276148095,潘女士,女,32,100000001,18023547910,北京市,五台县,53293220080821294X
CU17012095731628,汪小姐,女,27,100000005,13512704956,湖南省,海港区,610302198612092213
CU17022783091465,岑先生,男,30,100000005,15613692758,河北省,故城县,150103197208222725
CU17024593078241,孟女士,女,35,100000003,18563495120,吉林省,四子王旗,421121196003131986
CU17020749312605,齐女士,女,31,100000006,13064823105,浙江省,海淀区,371402196112131952
CU17013657024981,昌女士,女,42,100000005,18680216954,云南省,太子河区,430521195908231326
CU17028261504789,毕小姐,女,50,100000001,17304761359,天津市,滦南县,341101193304252202
CU17028749615028,邬女士,女,48,100000007,17310537962,黑龙江省,卢龙县,52020319470509283X
CU17021418697532,沈先生,男,22,100000003,18224750396,江西省,丰润区,350902196808311232
CU17027941032856,米女士,女,52,100000006,18918052476,北京市,矿区,220822198912212419
CU17011769405821,马先生,男,38,100000009,17945183209,云南省,南郊区,430421198104182526
CU17023184096732,任女士,女,27,100000001,15731074285,陕西省,元氏县,450802193110102216
CU17015971423508,任小姐,女,47,100000002,17932407698,上海市,扎兰屯市,52262719530417145X
CU17022912468530,邹女士,女,42,100000007,15095806723,山东省,固安县,150925198202032175
CU17016573496280,许小姐,女,44,100000009,14735810749,福建省,曲周县,310110196111171652
CU17016679085134,李女士,女,48,100000006,15061784239,福建省,兴隆台区,130733196705121925
CU17014654021987,褚先生,男,20,100000006,13228045916,香港特别行政区,古塔区,451323193312131806
CU17027419357026,苗小姐,女,43,100000004,17512035984,广西壮族自治区,葫芦岛市,140429200510121895
CU17025894360275,毕小姐,女,23,100000002,18650328167,黑龙江省,四平市,610301200802262193
CU17024946582701,费先生,男,28,100000004,15835719620,陕西省,应县,53310219750803273X
CU17026321956047,杨女士,女,44,100000005,13268392047,宁夏回族自治区,尖山区,370304195410182482
CU17021295348610,章女士,女,34,100000006,17369034871,黑龙江省,榆树市,350681198804051072
CU17017296847501,酆小姐,女,48,100000008,18739718625,广东省,河北区,51072620081220250X
CU17011371254980,喻女士,女,22,100000002,13649570312,山西省,阳城县,640424197807081943
CU17025840953271,邹小姐,女,32,100000009,18769342075,浙江省,运城市,610922195812181883
CU17015836012475,汪女士,女,36,100000003,17316928754,宁夏回族自治区,天津市,450501200004181026
CU17015824061597,冯小姐,女,35,100000007,13418490726,台湾省,巴彦县,622922194005182853
CU17025219506473,元先生,男,41,100000002,18881602439,陕西省,和平区,450621200309042236
CU17011168243957,熊小姐,女,58,100000003,18038479152,云南省,河北省,220781200406172709
CU17017650273914,毕小姐,女,47,100000008,17138567249,山东省,静乐县,220722195701281729
CU17028830659472,尹先生,男,24,100000006,14772584069,江西省,兴山区,330301196806131542
CU17016538417092,狄先生,男,22,100000006,18705469281,重庆市,乌拉特后旗,220701195106033009
CU17013426035819,董小姐,女,40,100000004,15973015826,重庆市,迁安市,450405197310212176
CU17024497038615,余先生,男,53,100000005,18018675234,四川省,海南区,230601197704021199
CU17024923586701,苗先生,男,60,100000009,15238270694,台湾省,北镇市,441624197611142586
CU17019937625084,卞小姐,女,31,100000002,13817643820,澳门特别行政区,汾阳市,54262119440826186X
CU17017921305684,齐小姐,女,21,100000008,13249163750,台湾省,尖草坪区,620825199506052423
CU17022014362879,陈先生,男,58,100000006,15747056812,青海省,和顺县,210782198405222189
CU17019124609538,臧先生,男,24,100000007,13805742986,天津市,金山屯区,430981200505052036
CU17022429570186,舒女士,女,32,100000007,15243271089,河北省,北辰区,210404193212101839
CU17024605147938,赵先生,男,34,100000007,13253246107,重庆市,稷山县,460108199401192286
CU17021082439756,郑先生,男,37,100000001,18735708946,河北省,阜新蒙古族自治县,152223197705171065
CU17014738025961,皮先生,男,60,100000007,18772691538,香港特别行政区,巴林右旗,320509196008071952
CU17015948135706,何女士,女,33,100000009,14726375019,西藏自治区,龙凤区,450703197404271206
CU17011915768024,韦女士,女,35,100000001,13476452398,黑龙江省,杭锦旗,350212195010022022
CU17023759431608,褚女士,女,46,100000000,15576392540,宁夏回族自治区,满城区,350301195012051162
CU17011716920584,吴女士,女,34,100000006,18052496738,黑龙江省,井陉县,130928194203102435
CU17018465831072,酆先生,男,57,100000005,18795768210,安徽省,白城市,140211195305301745
CU17027280751394,殷小姐,女,49,100000000,15365849321,海南省,介休市,53060119751220294X
CU17025637810529,吴女士,女,41,100000000,15014387905,陕西省,大名县,610630198610201093
CU17017695132078,梁小姐,女,34,100000009,17893748510,贵州省,盐湖区,350201195907122942
CU17025509813724,屈先生,男,35,100000005,13865470813,西藏自治区,肥乡区,150525198911261725
CU17021608529341,邹小姐,女,59,100000004,18361205374,新疆维吾尔自治区,廊坊市,632525198307312813
CU17019619478520,褚先生,男,46,100000009,15509735461,贵州省,巴彦县,51152419910309189X
CU17026310452987,冯小姐,女,36,100000002,17147361290,浙江省,河北省,341721196005102562
CU17023813246790,姚先生,男,32,100000006,18954078963,台湾省,陵川县,350128194109172772
CU17017453871069,谈小姐,女,42,100000004,17747681352,辽宁省,汾西县,411528200706042636
CU17020380751492,汤女士,女,55,100000001,17574312058,天津市,赵县,410422196712031716
CU17023296754301,吴女士,女,45,100000008,17286139507,安徽省,通州区,51010819431119134X
CU17021163874290,卞女士,女,38,100000004,17864819750,陕西省,河间市,640121197401112143
CU17026654327901,尹小姐,女,45,100000006,15213470296,黑龙江省,肥乡区,371328198503082472
CU17021463507819,董小姐,女,32,100000008,13841263580,贵州省,繁峙县,440803194009052606
CU17017327098564,戚女士,女,44,100000005,17662914870,福建省,怀来县,440604193505291336
CU17018328654701,卫女士,女,54,100000003,18862409183,上海市,海拉尔区,152528194905042085
CU17025436710952,花女士,女,44,100000002,13483421769,山东省,滴道区,53042119300217186X
CU17011875620134,酆女士,女,32,100000007,18951236978,吉林省,盘锦市,150403195609261265
CU17022346218590,何小姐,女,26,100000008,15224675180,山东省,察哈尔右翼中旗,341721198403021302
CU17011756830924,窦先生,男,35,100000006,18041850936,山西省,康保县,341701196510021452
CU17015306174258,彭小姐,女,54,100000007,17393561847,湖北省,广宗县,230501196802041869
CU17026391764025,周先生,男,26,100000000,18664972580,湖北省,柳河县,623001198011061593
CU17018965410327,戚女士,女,29,100000008,17257310984,宁夏回族自治区,杜尔伯特蒙古族自治县,53062519320731229X
CU17019169847352,郑小姐,女,27,100000009,17236580974,宁夏回族自治区,二连浩特市,230601196212031159
CU17025195084236,费女士,女,31,100000007,15807612538,上海市,丰宁满族自治县,210782197304052449
CU17016907825641,罗先生,男,52,100000008,18560237418,黑龙江省,保定市,652222198110072393
CU17011284536179,尹小姐,女,32,100000009,18562819574,内蒙古自治区,榆次区,130630197803052545
CU17011580417932,范先生,男,29,100000007,15224936157,香港特别行政区,同江市,130621194701162975
CU17021073145682,梁小姐,女,58,100000002,15947195603,重庆市,依安县,341522198205122312
CU17012826395741,庞女士,女,39,100000001,13360872145,江苏省,肇源县,110106194409161595
CU17013375021869,金小姐,女,60,100000008,18531720684,宁夏回族自治区,方正县,230403194812222109
CU17024507921468,郎先生,男,37,100000008,13528369540,安徽省,大安市,420527201304271616
CU17020569724803,韦女士,女,30,100000003,14750612849,新疆维吾尔自治区,磁县,411527196301162616
CU17028497632081,吕女士,女,40,100000000,17435897216,甘肃省,滨海新区,330211193305032322
CU17025913547286,纪小姐,女,30,100000007,18230576148,北京市,泰来县,350981200109022382
CU17026423695017,茅先生,男,42,100000001,15748520167,甘肃省,双辽市,130730199312302075
CU17018670984153,卞女士,女,23,100000002,18913572960,内蒙古自治区,晋州市,51010819320326251X
CU17028491278536,陶小姐,女,43,100000005,17652318609,安徽省,友好区,130681197601192195
CU17028623759840,和女士,女,25,100000002,13343805129,河北省,满城区,340881195508052582
CU17028560983274,周小姐,女,22,100000007,15903968542,香港特别行政区,杭锦后旗,130104199005292385
CU17021062487593,元小姐,女,46,100000003,18930596874,江苏省,红桥区,130926194802282725
CU17016675231084,薛小姐,女,26,100000001,18479024536,湖北省,石拐区,310109196912091942
CU17016472350186,计女士,女,32,100000007,15009413257,西藏自治区,古塔区,52022219861014218X
CU17022610375928,毕先生,男,38,100000009,18965397104,福建省,根河市,652924201302172353
CU17024172308945,贝女士,女,46,100000000,18847168039,山东省,任县,360323199704172522
CU17012035417268,和女士,女,22,100000000,18602731865,西藏自治区,朝阳区,340621193312171932
CU17017180549376,薛小姐,女,24,100000001,15537269051,宁夏回族自治区,喀喇沁左翼蒙古族自治县,51068120091121136X
CU17012158943260,柳女士,女,23,100000007,18587109635,广西壮族自治区,长治市,450903195105221396
CU17027324710896,唐女士,女,25,100000005,17194618237,台湾省,乌海市,211223200604182529
CU17023032548917,郝小姐,女,44,100000003,15724369081,江苏省,鞍山市,53252819811118297X
CU17027301879645,任小姐,女,36,100000005,17982403957,广西壮族自治区,饶阳县,141082196306012145
CU17013954360178,薛先生,男,52,100000002,14787306521,四川省,河津市,53092719600117184X
CU17021870194365,郝女士,女,45,100000000,13584659730,陕西省,宣化区,330703199503061252
CU17018935174280,岑女士,女,20,100000005,15727396510,山东省,通河县,51110119740629101X
CU17022890513247,贺先生,男,37,100000004,18569058234,河南省,镶黄旗,130822196706212955
CU17028869351704,倪先生,男,60,100000003,17627946085,新疆维吾尔自治区,海勃湾区,211401200107051599
CU17023506913284,臧小姐,女,40,100000007,15625048691,黑龙江省,乌兰浩特市,51090119370222101X
CU17018394805762,元女士,女,41,100000000,18859423716,吉林省,龙山区,440222200205261256
CU17027870954236,毛女士,女,33,100000002,13481654792,台湾省,海南区,54222919791208278X
CU17022213769485,施女士,女,29,100000002,15816278439,浙江省,南岔区,340602199512132512
CU17022750324681,邵先生,男,32,100000009,17620598146,重庆市,龙沙区,110101195510141695
CU17024938741652,戚小姐,女,49,100000005,17501842397,宁夏回族自治区,曲沃县,51102419451228294X
CU17016234107869,谈先生,男,32,100000001,18926173908,山东省,大同区,420582198802161886
CU17019104369258,任先生,男,60,100000002,15150819623,广东省,满城区,130107197511232755
CU17020245607183,施先生,男,57,100000006,18741592086,安徽省,公主岭市,130984200602031145
CU17023510649837,汤女士,女,21,100000009,18157860942,山东省,东城区,620521198011151803
CU17016958061324,凤女士,女,24,100000006,18308239546,新疆维吾尔自治区,蓟州区,51323319370816161X
CU17017541978306,卜小姐,女,39,100000000,18082706491,四川省,长治市,632722197703221293
CU17028419082573,柏小姐,女,30,100000006,17802754189,江西省,新民市,640323198407281533
CU17023697023158,毛女士,女,43,100000004,18984976015,重庆市,南宫市,340202193904151782
CU17019795306482,平小姐,女,58,100000008,18928590743,重庆市,洮北区,610628196612181773
CU17011267108395,廉先生,男,27,100000009,13352107934,辽宁省,双桥区,610929195104211473
CU17026610254897,倪小姐,女,28,100000007,13456972318,湖南省,静乐县,130133199509162525
CU17028029413657,薛小姐,女,39,100000003,15907539418,江苏省,宏伟区,450924195806072536
CU17018946281375,黄先生,男,50,100000000,18873960512,吉林省,铁东区,51142120061012104X
CU17015791062438,茅小姐,女,31,100000001,14743168209,河南省,丛台区,51081119300911258X
CU17021234871695,唐小姐,女,21,100000004,13971846235,内蒙古自治区,富裕县,130929194302021265
CU17026925786043,邹先生,男,22,100000001,15104396217,内蒙古自治区,吉县,140581199601071135
CU17020347869210,毛先生,男,51,100000006,15507952384,浙江省,浮山县,150923196412221145
CU17017864052197,朱女士,女,60,100000008,18561203948,浙江省,晋城市,54230119410904187X
CU17024238469051,臧先生,男,44,100000000,18662059734,青海省,岫岩满族自治县,450881200011111726
CU17018274965183,雷女士,女,32,100000008,17596078542,山西省,朝阳市,130435198709061155
CU17025417526938,禹女士,女,59,100000002,15172935480,海南省,盐山县,652828195808121443
CU17022461309278,华先生,男,57,100000001,13452790418,广西壮族自治区,科尔沁区,422828197212251446
CU17025706153428,薛小姐,女,38,100000005,13717390264,浙江省,文圣区,653131197402081213
CU17021831607429,潘小姐,女,37,100000004,15717354829,河北省,忻州市,220881197504302339
CU17022639052741,苏小姐,女,47,100000002,18773940586,海南省,石拐区,140106198504191535
CU17025925684710,苏小姐,女,60,100000006,18293425607,吉林省,长治县,51172420070403290X
CU17016183576042,李小姐,女,39,100000001,15225807469,辽宁省,平山县,420203199705101776
CU17019297604318,钱女士,女,26,100000007,13897510834,广东省,肥乡区,230305194805192419
CU17012690158372,柳女士,女,28,100000003,13889613754,天津市,喀喇沁左翼蒙古族自治县,51072219980614122X
CU17023341275986,花女士,女,46,100000007,18068479501,宁夏回族自治区,五营区,51342319730805199X
CU17024182973064,卫小姐,女,40,100000001,17506452798,西藏自治区,浑南区,230903193903062209
CU17012451370692,董小姐,女,56,100000007,15628675491,台湾省,朔城区,331081193911171092
CU17017504619827,尹女士,女,57,100000008,18682739510,山西省,辽宁省,371002195808102622
CU17026198273046,穆先生,男,36,100000000,18406578912,河北省,克山县,451028194512051276
CU17024296584731,钱先生,男,32,100000005,13879485320,青海省,衡水市,610527201307132583
CU17021825471906,董女士,女,58,100000000,18596872315,广西壮族自治区,东城区,340604200910232952
CU17012617245893,钱女士,女,58,100000005,18715084623,广西壮族自治区,蔚县,340101198708142662
CU17012705624138,汤小姐,女,34,100000006,17941683507,北京市,安平县,140411196104121665
CU17011407923658,酆女士,女,34,100000001,18257426019,山西省,平定县,51170119850623142X
CU17021279865014,唐女士,女,53,100000003,13368914072,宁夏回族自治区,馆陶县,340827198204021912
CU17011325681947,范小姐,女,33,100000004,13051834076,青海省,河北区,610730193608031163
CU17023093524781,鲁女士,女,20,100000005,18408941372,浙江省,通辽市,640101193307281263
CU17026068793524,卜小姐,女,24,100000008,13207436952,甘肃省,浑江区,420324200202172326
CU17024062793185,邹小姐,女,44,100000000,18856129083,浙江省,振安区,611021195212072843
CU17018135689470,张先生,男,21,100000009,15224815796,重庆市,裕华区,130435195208141755
CU17012327950861,施小姐,女,24,100000003,15163104295,内蒙古自治区,井陉矿区,51332119311130219X
CU17013024157689,毛先生,男,48,100000000,18124678013,新疆维吾尔自治区,邯山区,430581197403072796
CU17024643905718,华先生,男,33,100000001,17662483075,安徽省,榆次区,330109193609271792
CU17020059367481,狄女士,女,43,100000007,18689103476,河北省,洮北区,623025200207182363
CU17015593168270,华先生,男,60,100000004,15093581076,新疆维吾尔自治区,友好区,54233019450731102X
CU17014179652084,韩先生,男,32,100000003,15145329061,四川省,库伦旗,330326194210082892
CU17014547369120,卜先生,男,46,100000001,18931608574,北京市,北京市,53018119740609201X
CU17020374825601,郑女士,女,22,100000009,14723674910,西藏自治区,龙井市,130421195009271005
CU17025167435980,俞小姐,女,44,100000002,17253840216,香港特别行政区,额尔古纳市,330110194511142942
CU17016136208749,祝小姐,女,31,100000006,17736750482,澳门特别行政区,双滦区,130434199905142285
CU17018316289750,吕女士,女,41,100000002,15396754108,山东省,绥中县,130705200207012515
CU17013724913650,穆女士,女,25,100000003,13220513674,北京市,永清县,230623200211161049
CU17026047126398,马女士,女,57,100000007,15639652410,香港特别行政区,津南区,130108196609301575
CU17013219657348,曹先生,男,44,100000008,13049716502,福建省,南岔区,469001195608311626
CU17018526783109,顾先生,男,39,100000004,15390748162,河南省,五常市,620111201210122043
CU17028936584210,茅先生,男,38,100000000,15685143607,广西壮族自治区,榆社县,441402194807072516
CU17018964753012,堪女士,女,30,100000009,17931982547,青海省,灯塔市,150721196508181015
CU17014153640782,唐女士,女,34,100000008,17997862451,广东省,杏花岭区,50010919660102268X
CU17024796480215,岑女士,女,40,100000001,13338942176,广东省,大东区,51010619900624130X
CU17020025863947,吴先生,男,24,100000002,15162873410,江西省,建昌县,150821197108302075
CU17026130529874,柏小姐,女,45,100000000,17297248103,江西省,临汾市,370306200312142502
CU17019621083475,明女士,女,59,100000005,18778026951,湖南省,宣化区,340401199707251142
CU17028589237401,禹先生,男,58,100000001,13798765134,山西省,阳原县,430702198004072586
CU17022083165297,贺先生,男,59,100000004,15996504128,天津市,赤城县,52232719720227246X
CU17026072519863,董先生,男,42,100000007,18661750394,台湾省,林甸县,210282199008271149
CU17021718439562,尤小姐,女,35,100000004,14787162950,辽宁省,图们市,430725194111062606
CU17019159478062,廉小姐,女,44,100000004,15906284537,香港特别行政区,邢台县,640521197702061663
CU17014816043952,贝小姐,女,38,100000000,17214690278,陕西省,廊坊市,230124197902081119
CU17024948157062,汪小姐,女,59,100000002,18050864391,陕西省,拜泉县,330723198909202322
CU17018485123906,穆小姐,女,26,100000009,17918275069,香港特别行政区,磴口县,210803200010291469
CU17016356791480,于女士,女,33,100000006,18046120735,澳门特别行政区,城区,450109200810221286
CU17011308452196,陶小姐,女,28,100000001,13738017542,安徽省,开原市,621001200809272583
CU17023529871036,皮小姐,女,34,100000001,15973098516,新疆维吾尔自治区,衡水市,50011419490922283X
CU17024836754192,钱女士,女,44,100000005,18896287351,河北省,牙克石市,370285198406141792
CU17028930564712,岑小姐,女,54,100000004,13428359647,青海省,奈曼旗,640202201310282043
CU17019905627834,彭女士,女,30,100000004,17906479852,广西壮族自治区,扎赉诺尔区,220523201009101659
CU17017978165240,马女士,女,40,100000004,13379843651,重庆市,呼伦贝尔市,450312199003132216
CU17011387624901,卫小姐,女,52,100000000,13335421078,山东省,顺义区,420105194301271356
CU17028142950768,冯小姐,女,22,100000003,13894578263,湖北省,襄汾县,230382194502182659
CU17019960824315,岑先生,男,60,100000009,18859142730,海南省,红山区,50011219500323276X
CU17025291856743,陈女士,女,22,100000003,18958429031,福建省,科尔沁左翼中旗,411402199011281716
CU17013160358247,葛女士,女,23,100000001,13536508274,宁夏回族自治区,枣强县,52062519890507244X
CU17019901845327,赵小姐,女,48,100000008,18541906538,山西省,文安县,630121198701132853
CU17020395728641,郎女士,女,53,100000000,13330514728,山东省,抚顺县,141101196404182105
CU17024402813675,苏小姐,女,47,100000009,17892514378,重庆市,敖汉旗,410302194002041716
CU17028354281967,唐小姐,女,50,100000002,15016827940,黑龙江省,密山市,140121199504221095
CU17016437618095,唐女士,女,55,100000006,17547610982,陕西省,中阳县,652825198507221913
CU17021269310847,董小姐,女,25,100000009,13037056148,青海省,容城县,140226196505232875
CU17016302971846,茅小姐,女,55,100000007,18528409617,江西省,辽阳县,130302200207211615
CU17021139452867,臧小姐,女,43,100000009,13442603985,香港特别行政区,海勃湾区,610404197805131493
CU17026576809123,常女士,女,58,100000002,18368135047,上海市,吉县,421001195408242356
CU17026269713045,戴女士,女,20,100000005,17450986271,内蒙古自治区,乌兰浩特市,130733195502041125
CU17024539682170,萧先生,男,38,100000000,13194208673,北京市,隰县,620122197711272483
CU17024826713509,时小姐,女,38,100000004,18787516943,内蒙古自治区,美溪区,341203197202022602
CU17013615204739,韦先生,男,20,100000003,13049152876,青海省,宁江区,130732198905052505
CU17012391572604,郑小姐,女,39,100000003,18294813705,黑龙江省,西丰县,350424198908012972
CU17027245903867,殷先生,男,33,100000001,14760947183,青海省,朔州市,52052519670426153X
CU17024816403792,华先生,男,44,100000000,18958290143,青海省,新邱区,53082719930517239X
CU17019831095764,戴小姐,女,42,100000001,15290278436,河南省,邯郸市,350527200003302482
CU17011857192460,平女士,女,57,100000003,18036517840,广西壮族自治区,土默特左旗,441225196111052526
CU17017053762941,凤女士,女,56,100000003,17961208743,甘肃省,西城区,450107196307022186
CU17014123679850,云先生,男,50,100000002,17214568792,香港特别行政区,复兴区,210727193704041599
CU17015840637192,黄小姐,女,49,100000009,13932498176,重庆市,孟村回族自治县,411024193810072866
CU17014915360842,卫小姐,女,50,100000009,13878350624,台湾省,抚顺县,632621196207011873
CU17017193428675,卞女士,女,31,100000004,18116320984,台湾省,四平市,330602197109022822
CU17016435786902,俞小姐,女,50,100000004,18754026789,湖南省,安次区,654226196907172883
CU17024406891725,孟女士,女,43,100000006,13265294178,重庆市,城区,230811201301151749
CU17021234096815,毛小姐,女,29,100000005,18797830126,湖南省,翠峦区,130627199209292915
CU17014042786315,臧女士,女,35,100000006,18880534196,海南省,迁安市,410326199405182736
CU17017329185064,尹女士,女,56,100000009,18640796153,广东省,丰镇市,210104193904281489
CU17019695408317,孔女士,女,42,100000001,18246502183,台湾省,城子河区,51082319860723163X
CU17027521403968,葛女士,女,22,100000006,13307295368,山西省,肇州县,320508193104261642
